{
  "table": {
    "en": {
      "CLOSE": "Close",
      "QUIT": "Quit",
      "EXIT": "Exit",
      "BACK": "Back",
      "SELECT": "Select",
      "MENU_GAME_NAME_1": "Tee K.O. 2",
      "MENU_GAME_NAME_2": "Timejinx+",
      "MENU_GAME_NAME_3": "FixyText",
      "MENU_GAME_NAME_4": "Dodo Re Mi",
      "MENU_GAME_NAME_5": "Hypnotorious",
      "MENU_GAME_NAME_DISABLED": "??????????",
      "MENU_DLC": "DLC",
      "MENU_SETTINGS": "Settings",
      "MENU_PARENTAL_CONTROL": "Family-Friendly",
      "MENU_HOW_TO": "How-to",
      "MENU_ON": "ON",
      "MENU_OFF": "OFF",
      "PLAYERS_TITLE": "Players<br />10,000 Audience",
      "FAMILY_TITLE": "Family-Friendly",
      "NOTFAMILY_TITLE": "Not Family-Friendly",
      "AUDIENCE_TITLE": "Audience",
      "TIME_TITLE": "Minutes",
      "WRITING_TITLE": "Writing",
      "HEAD2HEAD_TITLE": "Head-to-Head",
      "DRAWING_TITLE": "Drawing",
      "HIDDENID_TITLE": "Hidden Identity",
      "OUTLOUD_TITLE": "Out Loud Play",
      "CHANCE_TITLE": "Chance",
      "TRIVIA_TITLE": "Trivia",
      "ROLEPLAY_TITLE": "Roleplay",
      "TEAMS_TITLE": "Teams",
      "MUSIC_TITLE": "Rhythm and Music",
      "POPCULTURE_TITLE": "Pop Culture",
      "INFO_TAGLINE_GAME_1": "Make weird shirts... and LET ‘EM FIGHT!",
      "INFO_TAGLINE_GAME_2": "The new and improved Timejinx! Adds over 450 questions!",
      "INFO_TAGLINE_GAME_3": "Fix up someone else’s risky texts!",
      "INFO_TAGLINE_GAME_4": "A music game that’s for the birds.",
      "INFO_TAGLINE_GAME_5": "Hypnosis, Teamwork and… Hidden Identities!!!",
      "INFO_TAGLINE_GAME_DISABLED": "??? ??????? ????!",
      "SETTINGS_TOGGLE_ON": "ON",
      "SETTINGS_TOGGLE_OFF": "OFF",
      "SWITCH_USER": "SWITCH USER",
      "HELP_TITLE": "HELP",
      "HELP_CLOSE": "Close",
      "HOW_TO_ROOM_CODE": "ROOM CODE",
      "HOW_TO_SETTINGS": "SETTINGS",
      "HOW_TO_FAMILY_FRIENDLY": "FAMILY FRIENDLY<br />MODE",
      "HOW_TO_NAME": "NAME",
      "HOW_TO_PLAY": "PLAY",
      "HOW_TO_EVERYBODY_S_IN": "EVERYBODY'S IN",
      "HOW_TO_PANEL_0": "How to play Jackbox Games.",
      "HOW_TO_PANEL_1": "Pick the game you want to play, <br />then look for the four-letter room code.",
      "HOW_TO_PANEL_2": "With a phone or tablet, go to jackbox.tv <br />using any internet browser, or scan the QR code.",
      "HOW_TO_PANEL_3": "Enter the four-letter room code, <br />enter a name, and press play. That's it!",
      "HOW_TO_PANEL_4": "When all players are in, the first player to connect starts the game.",
      "HOW_TO_PANEL_5": "Up to 8 people can play, sometimes more.",
      "HOW_TO_PANEL_6": "Many games have family-friendly options <br />accessed through the game’s settings menu.",
      "HOW_TO_PANEL_7": "For info on game settings, playing remotely, <br />and more, go to jackboxgames.com/howtoplay",
      "HELP_URL": "help.jackboxgames.com",
      "NEXT": "Next",
      "PREVIOUS": "Previous"
    },
    "fr": {
      "CLOSE": "Fermer",
      "QUIT": "Quitter",
      "EXIT": "Quitter",
      "BACK": "Retour",
      "SELECT": "Sélectionner",
      "MENU_GAME_NAME_1": "Tee K.O. 2",
      "MENU_GAME_NAME_2": "Timejinx",
      "MENU_GAME_NAME_3": "FixyText",
      "MENU_GAME_NAME_4": "Dodo Re Mi",
      "MENU_GAME_NAME_5": "Hypnotorious",
      "MENU_GAME_NAME_DISABLED": "??????????",
      "MENU_DLC": "DLC",
      "MENU_SETTINGS": "Paramètres",
      "MENU_PARENTAL_CONTROL": "Familial",
      "MENU_HOW_TO": "Guide pratique",
      "MENU_ON": "OUI",
      "MENU_OFF": "NON",
      "PLAYERS_TITLE": "Joueurs<br />10 000 Public",
      "FAMILY_TITLE": "Familial",
      "NOTFAMILY_TITLE": "Pas familial",
      "AUDIENCE_TITLE": "Public",
      "TIME_TITLE": "Minutes",
      "WRITING_TITLE": "Rédaction",
      "HEAD2HEAD_TITLE": "Duel",
      "DRAWING_TITLE": "Dessin",
      "HIDDENID_TITLE": "Identité secrète",
      "OUTLOUD_TITLE": "Jeu à voix haute",
      "CHANCE_TITLE": "Hasard",
      "TRIVIA_TITLE": "Trivia",
      "ROLEPLAY_TITLE": "Jeu de rôle",
      "TEAMS_TITLE": "Équipes",
      "MUSIC_TITLE": "Rythme et musique",
      "POPCULTURE_TITLE": "Culture pop",
      "INFO_TAGLINE_GAME_1": "Créez des T-shirts loufoques et... QUE LE MEILLEUR GAGNE !",
      "INFO_TAGLINE_GAME_2": "Êtes-vous le joueur le plus doué de tous les temps en culture générale ?",
      "INFO_TAGLINE_GAME_3": "Corrigez les textes risqués de quelqu'un d'autre !",
      "INFO_TAGLINE_GAME_4": "Un jeu musical pour les oiseaux.",
      "INFO_TAGLINE_GAME_5": "Hypnose, travail d'équipe et... identités cachées !!!",
      "INFO_TAGLINE_GAME_DISABLED": "??? ??????? ???? !",
      "SETTINGS_TOGGLE_ON": "OUI",
      "SETTINGS_TOGGLE_OFF": "NON",
      "SWITCH_USER": "CHANGER D'UTILISATEUR",
      "HELP_TITLE": "AIDE",
      "HELP_CLOSE": "Fermer",
      "HOW_TO_ROOM_CODE": "CODE DE SALLE",
      "HOW_TO_SETTINGS": "PARAMÈTRES",
      "HOW_TO_FAMILY_FRIENDLY": "MODE<br />FAMILIAL",
      "HOW_TO_NAME": "NOM",
      "HOW_TO_PLAY": "JOUER",
      "HOW_TO_EVERYBODY_S_IN": "TOUT LE MONDE EST LÀ",
      "HOW_TO_PANEL_0": "Comment jouer aux jeux Jackbox Games.",
      "HOW_TO_PANEL_1": "Choisissez le jeu qui vous intéresse,<br />puis cherchez le code de salle en quatre lettres.",
      "HOW_TO_PANEL_2": "Avec un téléphone ou une tablette, allez sur jackbox.tv<br />via votre navigateur Internet ou scannez le code QR.",
      "HOW_TO_PANEL_3": "Tapez le code de salle en quatre lettres,<br />indiquez un nom et appuyez sur Jouer. C'est tout !",
      "HOW_TO_PANEL_4": "Quand tous les joueurs sont prêts, le premier joueur à se connecter lance la partie.",
      "HOW_TO_PANEL_5": "Jusqu'à 8 joueurs peuvent jouer, parfois plus.",
      "HOW_TO_PANEL_6": "De nombreux jeux proposent des options familiales<br />accessibles via le menu des paramètres.",
      "HOW_TO_PANEL_7": "Pour plus de renseignements sur les paramètres,<br />sur la façon de jouer à distance et bien plus, allez sur jackboxgames.com/howtoplay",
      "HELP_URL": "help.jackboxgames.com",
      "NEXT": "Suivant",
      "PREVIOUS": "Précédent"
    },
    "it": {
      "CLOSE": "Chiudi",
      "QUIT": "Abbandona",
      "EXIT": "Esci",
      "BACK": "Indietro",
      "SELECT": "Seleziona",
      "MENU_GAME_NAME_1": "Tee K.O. 2",
      "MENU_GAME_NAME_2": "Timejinx",
      "MENU_GAME_NAME_3": "FixyText",
      "MENU_GAME_NAME_4": "Dodo Re Mi",
      "MENU_GAME_NAME_5": "Hypnotorious",
      "MENU_GAME_NAME_DISABLED": "??????????",
      "MENU_DLC": "DLC",
      "MENU_SETTINGS": "Impostazioni",
      "MENU_PARENTAL_CONTROL": "Per famiglie",
      "MENU_HOW_TO": "Come si gioca",
      "MENU_ON": "SÌ",
      "MENU_OFF": "NO",
      "PLAYERS_TITLE": "Giocatori<br />10.000 spettatori",
      "FAMILY_TITLE": "Per famiglie",
      "NOTFAMILY_TITLE": "Per adulti",
      "AUDIENCE_TITLE": "Pubblico",
      "TIME_TITLE": "Minuti",
      "WRITING_TITLE": "Scrivere",
      "HEAD2HEAD_TITLE": "Testa a testa",
      "DRAWING_TITLE": "Disegnare",
      "HIDDENID_TITLE": "Identità segreta",
      "OUTLOUD_TITLE": "Ad alta voce",
      "CHANCE_TITLE": "Probabilità",
      "TRIVIA_TITLE": "Quiz",
      "ROLEPLAY_TITLE": "Gioco di ruolo",
      "TEAMS_TITLE": "Squadre",
      "MUSIC_TITLE": "Musica e ritmo",
      "POPCULTURE_TITLE": "Cultura pop",
      "INFO_TAGLINE_GAME_1": "Crea indumenti strani... e FALLI COMBATTERE!",
      "INFO_TAGLINE_GAME_2": "Sei il più grande giocatore di quiz di sempre?",
      "INFO_TAGLINE_GAME_3": "Aggiusta i testi rischiosi degli altri!",
      "INFO_TAGLINE_GAME_4": "Un gioco musicale per tutte le orecchie.",
      "INFO_TAGLINE_GAME_5": "Ipnosi, gioco di squadra e... identità segrete!",
      "INFO_TAGLINE_GAME_DISABLED": "??? ??????? ????!",
      "SETTINGS_TOGGLE_ON": "SÌ",
      "SETTINGS_TOGGLE_OFF": "NO",
      "SWITCH_USER": "CAMBIA UTENTE",
      "HELP_TITLE": "AIUTO",
      "HELP_CLOSE": "Chiudi",
      "HOW_TO_ROOM_CODE": "CODICE STANZA",
      "HOW_TO_SETTINGS": "IMPOSTAZIONI",
      "HOW_TO_FAMILY_FRIENDLY": "MODALITÀ<br />PER FAMIGLIE",
      "HOW_TO_NAME": "NOME",
      "HOW_TO_PLAY": "GIOCA",
      "HOW_TO_EVERYBODY_S_IN": "CI SIAMO TUTTI!",
      "HOW_TO_PANEL_0": "Come si gioca con Jackbox Games.",
      "HOW_TO_PANEL_1": "Scegli il gioco, <br />e cerca il codice stanza di quattro lettere.",
      "HOW_TO_PANEL_2": "Vai sul sito jackbox.tv col telefono o il tablet <br />usando un qualsiasi browser per Internet o scannerizzando il QR code.",
      "HOW_TO_PANEL_3": "Inserisci le quattro lettere del codice stanza, <br />un nome e premi Gioca. Tutto qui!",
      "HOW_TO_PANEL_4": "Quando tutti i giocatori saranno presenti, il primo a collegarsi potrà avviare la partita.",
      "HOW_TO_PANEL_5": "Possono giocare fino a un massimo di 8 persone.",
      "HOW_TO_PANEL_6": "Molti giochi hanno un'opzione per famiglie <br />all'interno del menu Impostazioni.",
      "HOW_TO_PANEL_7": "Per informazioni sulle impostazioni, sul gioco da remoto <br />e molto altro, visita il sito jackboxgames.com/howtoplay",
      "HELP_URL": "help.jackboxgames.com",
      "NEXT": "Successivo",
      "PREVIOUS": "Precedente"
    },
    "de": {
      "CLOSE": "Schließen",
      "QUIT": "Beenden",
      "EXIT": "Verlassen",
      "BACK": "Zurück",
      "SELECT": "Auswählen",
      "MENU_GAME_NAME_1": "Tee K.O. 2",
      "MENU_GAME_NAME_2": "Timejinx",
      "MENU_GAME_NAME_3": "FixyText",
      "MENU_GAME_NAME_4": "Dodo Re Mi",
      "MENU_GAME_NAME_5": "Hypnotorious",
      "MENU_GAME_NAME_DISABLED": "??????????",
      "MENU_DLC": "DLC",
      "MENU_SETTINGS": "Einstellungen",
      "MENU_PARENTAL_CONTROL": "Familientauglich",
      "MENU_HOW_TO": "Anleitung",
      "MENU_ON": "AN",
      "MENU_OFF": "AUS",
      "PLAYERS_TITLE": "Spielende<br />10.000 im Publikum",
      "FAMILY_TITLE": "Familientauglich",
      "NOTFAMILY_TITLE": "Nicht familientauglich",
      "AUDIENCE_TITLE": "Publikum",
      "TIME_TITLE": "Minuten",
      "WRITING_TITLE": "Schreiben",
      "HEAD2HEAD_TITLE": "Kopf-an-Kopf",
      "DRAWING_TITLE": "Zeichnen",
      "HIDDENID_TITLE": "Geheimidentitäten",
      "OUTLOUD_TITLE": "Kommunikatives Spielen",
      "CHANCE_TITLE": "Glück",
      "TRIVIA_TITLE": "Quiz",
      "ROLEPLAY_TITLE": "Rollenspiel",
      "TEAMS_TITLE": "Teams",
      "MUSIC_TITLE": "Rhythmus und Musik",
      "POPCULTURE_TITLE": "Popkultur",
      "INFO_TAGLINE_GAME_1": "Erstellt schräge Shirts ... und LASST SIE KÄMPFEN!",
      "INFO_TAGLINE_GAME_2": "Das beste Quizspiel aller Zeiten. Wortwörtlich.",
      "INFO_TAGLINE_GAME_3": "Poliert fremde Nachrichten auf!",
      "INFO_TAGLINE_GAME_4": "Ein Musikspiel, das die reinste Vogelhochzeit ist.",
      "INFO_TAGLINE_GAME_5": "Hypnose, Teamwork und geheime Identitäten!",
      "INFO_TAGLINE_GAME_DISABLED": "??? ??????? ????!",
      "SETTINGS_TOGGLE_ON": "AN",
      "SETTINGS_TOGGLE_OFF": "AUS",
      "SWITCH_USER": "BENUTZER WECHSELN",
      "HELP_TITLE": "HILFE",
      "HELP_CLOSE": "Schließen",
      "HOW_TO_ROOM_CODE": "RAUMCODE",
      "HOW_TO_SETTINGS": "EINSTELLUNGEN",
      "HOW_TO_FAMILY_FRIENDLY": "FAMILIENTAUGLICHER<br />MODUS",
      "HOW_TO_NAME": "NAME",
      "HOW_TO_PLAY": "SPIELEN",
      "HOW_TO_EVERYBODY_S_IN": "ALLE SIND DA",
      "HOW_TO_PANEL_0": "So spielt man Jackbox Games.",
      "HOW_TO_PANEL_1": "Wählt das Spiel aus, das ihr spielen wollt,<br />und merkt euch den vierstelligen Raumcode.",
      "HOW_TO_PANEL_2": "Ruft in einem beliebigen Internetbrowser auf Handy oder Tablet<br />jackbox.tv auf oder scannt den QR-Code.",
      "HOW_TO_PANEL_3": "Gebt den vierstelligen Raumcode und eure Namen ein<br />und drückt dann auf „Spielen“. Das wars schon!",
      "HOW_TO_PANEL_4": "Wenn alle Spielenden da sind, startet die erste Person, die beigetreten ist, das Spiel.",
      "HOW_TO_PANEL_5": "Es können bis zu 8 Personen spielen, manchmal auch mehr.",
      "HOW_TO_PANEL_6": "Viele Spiele haben einen familientauglichen Modus, <br />der über die Einstellungen aktiviert werden kann.",
      "HOW_TO_PANEL_7": "Besuche www.jackboxgames.com/de/<br />für mehr Infos über die Optionen und das Spielen übers Internet.",
      "HELP_URL": "help.jackboxgames.com",
      "NEXT": "Weiter",
      "PREVIOUS": "Zurück"
    },
    "es": {
      "CLOSE": "Cerrar",
      "QUIT": "Abandonar",
      "EXIT": "Salir",
      "BACK": "Atrás",
      "SELECT": "Seleccionar",
      "MENU_GAME_NAME_1": "Tee K.O. 2",
      "MENU_GAME_NAME_2": "Timejinx",
      "MENU_GAME_NAME_3": "FixyText",
      "MENU_GAME_NAME_4": "Dodo Re Mi",
      "MENU_GAME_NAME_5": "Hypnotorious",
      "MENU_GAME_NAME_DISABLED": "??????????",
      "MENU_DLC": "DLC",
      "MENU_SETTINGS": "Ajustes",
      "MENU_PARENTAL_CONTROL": "Familiar",
      "MENU_HOW_TO": "Cómo jugar",
      "MENU_ON": "SÍ",
      "MENU_OFF": "NO",
      "PLAYERS_TITLE": "Jugadores<br />10 000 personas de público",
      "FAMILY_TITLE": "Familiar",
      "NOTFAMILY_TITLE": "No familiar",
      "AUDIENCE_TITLE": "Público",
      "TIME_TITLE": "Minutos",
      "WRITING_TITLE": "Escribir",
      "HEAD2HEAD_TITLE": "Enfrentamiento directo",
      "DRAWING_TITLE": "Dibujar",
      "HIDDENID_TITLE": "Identidad oculta",
      "OUTLOUD_TITLE": "Juego a viva voz",
      "CHANCE_TITLE": "Azar",
      "TRIVIA_TITLE": "Preguntas",
      "ROLEPLAY_TITLE": "Juego de rol",
      "TEAMS_TITLE": "Equipos",
      "MUSIC_TITLE": "Música y ritmo",
      "POPCULTURE_TITLE": "Cultura popular",
      "INFO_TAGLINE_GAME_1": "Cread camisetas rarunas y... ¡QUE SE PELEEN!",
      "INFO_TAGLINE_GAME_2": "¿Eres el mejor jugador de los juegos de preguntas de la historia?",
      "INFO_TAGLINE_GAME_3": "¡Arregla los mensajes de texto que alguien envía a su ex!",
      "INFO_TAGLINE_GAME_4": "Un juego de música para pájaros.",
      "INFO_TAGLINE_GAME_5": "Hipnosis, trabajo en equipo e… ¡identidades ocultas!",
      "INFO_TAGLINE_GAME_DISABLED": "??? ??????? ????!",
      "SETTINGS_TOGGLE_ON": "SÍ",
      "SETTINGS_TOGGLE_OFF": "NO",
      "SWITCH_USER": "CAMBIAR USUARIO",
      "HELP_TITLE": "AYUDA",
      "HELP_CLOSE": "Cerrar",
      "HOW_TO_ROOM_CODE": "CÓDIGO DE LA SALA",
      "HOW_TO_SETTINGS": "AJUSTES",
      "HOW_TO_FAMILY_FRIENDLY": "MODO<br />FAMILIAR",
      "HOW_TO_NAME": "NOMBRE",
      "HOW_TO_PLAY": "JUGAR",
      "HOW_TO_EVERYBODY_S_IN": "TODOS LISTOS",
      "HOW_TO_PANEL_0": "Cómo jugar a Jackbox Games.",
      "HOW_TO_PANEL_1": "Elige el juego al que quieres jugar <br />y busca el código de la sala de cuatro letras.",
      "HOW_TO_PANEL_2": "Entra en jackbox.tv con cualquier navegador <br />de teléfono móvil o tableta o escanea el código QR.",
      "HOW_TO_PANEL_3": "Introduce el código de la sala de cuatro letras <br />y un nombre, y pulsa \"Jugar\". ¡Ya está!",
      "HOW_TO_PANEL_4": "Cuando estén listos todos los jugadores, el primero en conectarse comenzará la partida.",
      "HOW_TO_PANEL_5": "Pueden jugar hasta 8 personas, y a veces más.",
      "HOW_TO_PANEL_6": "Muchos juegos tienen opción familiar, <br />a la que se accede desde el menú de ajustes.",
      "HOW_TO_PANEL_7": "Para obtener información sobre los ajustes, el juego remoto <br />y demás, visita jackboxgames.com/howtoplay",
      "HELP_URL": "help.jackboxgames.com",
      "NEXT": "Siguiente",
      "PREVIOUS": "Anterior"
    },
    "es-XL": {
      "CLOSE": "Cerrar",
      "QUIT": "Abandonar",
      "EXIT": "Salir",
      "BACK": "Atrás",
      "SELECT": "Seleccionar",
      "MENU_GAME_NAME_1": "Tee K.O. 2",
      "MENU_GAME_NAME_2": "Timejinx",
      "MENU_GAME_NAME_3": "FixyText",
      "MENU_GAME_NAME_4": "Dodo Re Mi",
      "MENU_GAME_NAME_5": "Hypnotorious",
      "MENU_GAME_NAME_DISABLED": "??????????",
      "MENU_DLC": "DLC",
      "MENU_SETTINGS": "Ajustes",
      "MENU_PARENTAL_CONTROL": "Apto para toda la familia",
      "MENU_HOW_TO": "Cómo jugar",
      "MENU_ON": "SÍ",
      "MENU_OFF": "NO",
      "PLAYERS_TITLE": "Participantes<br />10 000 espectadores",
      "FAMILY_TITLE": "Familiar",
      "NOTFAMILY_TITLE": "No familiar",
      "AUDIENCE_TITLE": "Público",
      "TIME_TITLE": "Minutos",
      "WRITING_TITLE": "Escritura",
      "HEAD2HEAD_TITLE": "Enfrentamiento directo",
      "DRAWING_TITLE": "Dibujo",
      "HIDDENID_TITLE": "Identidad oculta",
      "OUTLOUD_TITLE": "Juego a viva voz",
      "CHANCE_TITLE": "Azar",
      "TRIVIA_TITLE": "Preguntas",
      "ROLEPLAY_TITLE": "Juego de roles",
      "TEAMS_TITLE": "Equipos",
      "MUSIC_TITLE": "Ritmo y música",
      "POPCULTURE_TITLE": "Cultura pop",
      "INFO_TAGLINE_GAME_1": "Fabrica camisetas extrañas y... ¡DEJA QUE LUCHEN!",
      "INFO_TAGLINE_GAME_2": "¿Eres el mejor jugador de preguntas de todos los tiempos?",
      "INFO_TAGLINE_GAME_3": "¡Corrige los mensajes de texto riesgosos de los demás!",
      "INFO_TAGLINE_GAME_4": "Un juego de música que es para los pájaros.",
      "INFO_TAGLINE_GAME_5": "Hipnosis, trabajo en equipo e... ¡¡¡identidades ocultas!!!",
      "INFO_TAGLINE_GAME_DISABLED": "??? ??????? ????!",
      "SETTINGS_TOGGLE_ON": "SÍ",
      "SETTINGS_TOGGLE_OFF": "NO",
      "SWITCH_USER": "CAMBIAR USUARIO",
      "HELP_TITLE": "AYUDA",
      "HELP_CLOSE": "Cerrar",
      "HOW_TO_ROOM_CODE": "CÓDIGO DE LA SALA",
      "HOW_TO_SETTINGS": "AJUSTES",
      "HOW_TO_FAMILY_FRIENDLY": "MODO<br />FAMILIAR",
      "HOW_TO_NAME": "NOMBRE",
      "HOW_TO_PLAY": "JUGAR",
      "HOW_TO_EVERYBODY_S_IN": "TODOS PARTICIPAN",
      "HOW_TO_PANEL_0": "Cómo jugar a Jackbox Games.",
      "HOW_TO_PANEL_1": "Elige el juego que quieres jugar <br />y busca el código de cuatro letras de la sala.",
      "HOW_TO_PANEL_2": "Entra en jackbox.tv con cualquier navegador <br />de celular o tableta, o escanea el código QR.",
      "HOW_TO_PANEL_3": "Introduce el código de cuatro letras de la sala, <br />escribe un nombre, y pulsa \"Jugar\". ¡Eso es todo!",
      "HOW_TO_PANEL_4": "Cuando todos los participantes estén listos, el primero en conectarse comienza la partida.",
      "HOW_TO_PANEL_5": "Pueden jugar hasta 8 personas, a veces más.",
      "HOW_TO_PANEL_6": "Muchos juegos tienen una opción familiar <br />a la que se accede desde el menú de ajustes del juego.",
      "HOW_TO_PANEL_7": "Para obtener información sobre ajustes, juego remoto <br />y demás, visita jackboxgames.com/howtoplay.",
      "HELP_URL": "help.jackboxgames.com",
      "NEXT": "Siguiente",
      "PREVIOUS": "Anterior"
    },
    "pt-BR": {
      "CLOSE": "Fechar",
      "QUIT": "Desistir",
      "EXIT": "Sair",
      "BACK": "Voltar",
      "SELECT": "Selecionar",
      "MENU_GAME_NAME_1": "Tee K.O. 2",
      "MENU_GAME_NAME_2": "Timejinx",
      "MENU_GAME_NAME_3": "FixyText",
      "MENU_GAME_NAME_4": "Dodo Re Mi",
      "MENU_GAME_NAME_5": "Hypnotorious",
      "MENU_GAME_NAME_DISABLED": "??????????",
      "MENU_DLC": "DLC",
      "MENU_SETTINGS": "Configurações",
      "MENU_PARENTAL_CONTROL": "Conteúdo para todas as idades",
      "MENU_HOW_TO": "Instruções",
      "MENU_ON": "LIGADO",
      "MENU_OFF": "DESLIGADO",
      "PLAYERS_TITLE": "Jogadores<br />Plateia de milhões",
      "FAMILY_TITLE": "Conteúdo para todas as idades",
      "NOTFAMILY_TITLE": "Conteúdo restrito",
      "AUDIENCE_TITLE": "Plateia",
      "TIME_TITLE": "Minutos",
      "WRITING_TITLE": "Escrita",
      "HEAD2HEAD_TITLE": "Duelo",
      "DRAWING_TITLE": "Desenho",
      "HIDDENID_TITLE": "Identidade Secreta",
      "OUTLOUD_TITLE": "Interação por Voz",
      "CHANCE_TITLE": "Jogo de Azar",
      "TRIVIA_TITLE": "Quiz",
      "ROLEPLAY_TITLE": "Interpretação de Papéis",
      "TEAMS_TITLE": "Em Equipe",
      "MUSIC_TITLE": "Ritmo e Música",
      "POPCULTURE_TITLE": "Cultura Pop",
      "INFO_TAGLINE_GAME_1": "Faça camisetas estranhas... e ELES QUE LUTEM!",
      "INFO_TAGLINE_GAME_2": "Nenhum quiz te deixa sem resposta?",
      "INFO_TAGLINE_GAME_3": "Arrume as mensagens de texto dos outros!",
      "INFO_TAGLINE_GAME_4": "Um jogo de música afinado com você.",
      "INFO_TAGLINE_GAME_5": "Hipnose, trabalho em equipe e... identidades secretas!!!",
      "INFO_TAGLINE_GAME_DISABLED": "??? ??????? ????!",
      "SETTINGS_TOGGLE_ON": "LIGADO",
      "SETTINGS_TOGGLE_OFF": "DESLIGADO",
      "SWITCH_USER": "TROCAR DE USUÁRIO",
      "HELP_TITLE": "AJUDA",
      "HELP_CLOSE": "Fechar",
      "HOW_TO_ROOM_CODE": "CÓDIGO DA SALA",
      "HOW_TO_SETTINGS": "CONFIGURAÇÕES",
      "HOW_TO_FAMILY_FRIENDLY": "MODO<br />CONTEÚDO FAMÍLIA",
      "HOW_TO_NAME": "NOME",
      "HOW_TO_PLAY": "JOGAR",
      "HOW_TO_EVERYBODY_S_IN": "TODO MUNDO CHEGOU",
      "HOW_TO_PANEL_0": "Como jogar Jackbox Games.",
      "HOW_TO_PANEL_1": "Escolha o jogo que você quer, <br />depois procure o código da sala com quatro letras.",
      "HOW_TO_PANEL_2": "Com um celular ou tablet, acesse jackbox.tv <br />usando qualquer navegador ou escaneie o código QR.",
      "HOW_TO_PANEL_3": "Insira o código da sala com quatro letras, <br />insira um nome e aperte em jogar. É só isso!",
      "HOW_TO_PANEL_4": "Quando todos os jogadores entrarem, o primeiro jogador a se conectar inicia o jogo.",
      "HOW_TO_PANEL_5": "Até 8 pessoas podem jogar, às vezes mais.",
      "HOW_TO_PANEL_6": "Muitos jogos têm opções com conteúdo para todas as idades <br />que podem ser acessadas no menu de configurações.",
      "HOW_TO_PANEL_7": "Para informações sobre as configurações do jogo, como jogar remotamente, <br />e outras, acesse https://www.jackboxgames.com/how-to-play/.",
      "HELP_URL": "help.jackboxgames.com",
      "NEXT": "Avançar",
      "PREVIOUS": "Voltar"
    },
    "priority": 4,
    "id": "94828"
  }
}