{
  "table": {
    "en": {
      "BACK": "Back",
      "CLOSE": "Close",
      "CANCEL": "Cancel",
      "SELECT": "Select",
      "OR": "Or",
      "ON": "On",
      "OFF": "Off",
      "HIDE": "Hide",
      "UNHIDE": "Unhide",
      "HIDDEN_ROOM_CODE": "?????",
      "JOIN": "Join!",
      "PLAY": "Play",
      "SETTINGS": "Settings",
      "BACK_TO_PACK": "Back",
      "PLAY_DESCRIPTION": "Create a game room & play",
      "SETTINGS_DESCRIPTION": "Censoring, Audience, & more",
      "BACK_TO_PACK_DESCRIPTION": "Exit back to the Party Pack",
      "CONNECTING": "Connecting to Jackbox Games services",
      "CONNECTING_DELAY": "This is taking a while...<br/>Please check your internet connection.",
      "GO_TO": "Join at ",
      "JOIN_ON_YOUR_DEVICE": "on your mobile device to join in",
      "ENTER_ROOM_CODE": "using room code",
      "READ_ROOM_CODE": "Read room code",
      "POST_GAME_CHOICE_TITLE": "PLAY AGAIN?",
      "EVERYBODYS_IN": "Waiting for %s to start the game!",
      "WAITING_FOR_MORE": "%s players needed to start!",
      "PRESS": "Press",
      "TO_START": "to start",
      "TO_CANCEL": "to cancel",
      "TO_START_GAME": "to start",
      "TO_CANCEL_GAME": "to cancel",
      "JOIN_AUDIENCE": "Join the audience!",
      "PLAY_AGAIN": "Play again?",
      "SAME_PLAYERS": "SAME PLAYERS",
      "LOBBY_OR": "OR",
      "NEW_PLAYERS": "NEW PLAYERS",
      "LOBBY_HEADER_MESSAGE_PLAYERS_JOINED": "{CURRENT_PLAYERS}/{MAX_PLAYERS} Players Joined",
      "LOBBY_STATUS_MESSAGE_WAITINGFORMORE": "{MIN_PLAYERS} Players Required To Start",
      "LOBBY_STATUS_MESSAGE_CANSTART": "Press When Everybody's Ready",
      "LOBBY_STATUS_MESSAGE_COUNTDOWN": "Cancel Game Start",
      "LOBBY_STATUS_MESSAGE_WAITINGFORVIP": "Waiting for {VIP} to start the game!",
      "LOBBY_STATUS_MESSAGE_WAITINGFORGAMEPAD": "Waiting for the game to start!",
      "POSTGAME_OR": "or",
      "POSTGAME_PLAY_AGAIN": "Play again?",
      "CONTROLLER_CANCEL": "CANCEL GAME START",
      "CONTROLLER_POSTGAME_CHOICE": "WANT TO PLAY AGAIN?",
      "CONTROLLER_SAME_PLAYERS": "SAME PLAYERS",
      "CONTROLLER_NEW_PLAYERS": "NEW PLAYERS",
      "LOBBY_SETTINGS": "Settings",
      "LOBBY_SETTINGS_ICON_MAX": "MAX",
      "LOBBY_SETTINGS_ICON_MOD_PLURAL": "MODS",
      "LOBBY_SETTINGS_ICON_MOD_SINGULAR": "MOD",
      "PRELOADING_ON_SCREEN_PROMPT": "Loading...",
      "MODERATION_TIMER_LABEL": "WAITING FOR MODERATION",
      "GLOBAL_ROOM_CODE_LABEL": "Room Code",
      "GLOBAL_ROOM_CODE_CODE_LABEL": "Room<br/>Code",
      "GLOBAL_ROOM_CODE_AUDIENCE_LABEL": "Audience",
      "GLOBAL_ROOM_CODE_REMINDER_LABEL": "jack<br/>box<br/>.tv",
      "TRIVIA_YEAR_HINT_STRING": "%s - %s",
      "YEAR_FORMAT_BCE": "%dBCE",
      "GENE_NAME": "GENE",
      "TRAVEL_TO_THE_YEAR": "Travel to the year...",
      "ROUND_BUMPER": "Round %d",
      "YOU_FROM_THE_FUTURE": "Future You",
      "GUESS_OUT_OF_RANGE_ERROR": "Out of range!",
      "LEFT_IMPOSTOR_LABEL": "A",
      "RIGHT_IMPOSTOR_LABEL": "B",
      "TIMELINE_GUESS_ADD_POINTS": "+%d",
      "MINUS_X_PERCENT": "-%d%",
      "TETHER_PARTNER_GUESS": "Your partner %s entered: %d",
      "YEAR_TRIVIA_WAITING_MESSAGE": "Get ready for time travel...",
      "SCREW_PROMPT": "How should the person in first get screwed?",
      "SCREW_FIRST_PLAYER_WAITING_MESSAGE": "You’re in first, so sit. down.",
      "SCREW_TITLE_TINY_KEYS": "Tiny Keyboard",
      "SCREW_TITLE_POPUPS": "Popup Ads",
      "LOOP_HINT_LEAST_SELECTED": [
        "This one was very unpopular!",
        "Hardly anyone picked this option."
      ],
      "LOOP_HINT_MOST_SELECTED": [
        "Psst! Most players picked this one!",
        "A lot of people think it’s this one."
      ],
      "LOOP_HINT_PLAYERS_CORRECT": "%d players got this one right!",
      "LOOP_HINT_PLAYERS_INCORRECT": "%d players got this one wrong!",
      "AND_TETHER_TEXT": "And",
      "DECADE_SHOWER": "The",
      "BONUS_RANGE": "BONUS RANGE",
      "PROMPT_ID_TEXT": "LOADING...",
      "JOIN_URL": "Go to jackbox.tv",
      "VIP_ANIM": "VIP",
      "MESSAGE_MEDIUM_RANGE": "The last digit is %d.",
      "MESSAGE_NARROW_RANGE": "The second-to-last digit is %d.",
      "YOINK_NAME": "Uncle Yoink",
      "INTRO_REMINDER": "Reminder:",
      "INTRO_TRIVIA_NIGHT": "Trivia Night",
      "INTRO_IN_THE_YEAR": "in the year %d",
      "INTRO_JOKE": [
        "Let's try something different, shall we?",
        "Remember to peg your dragons before heading out!",
        "It's time to get Jinxy with it!",
		"This Content has not been approved by the JBU",
		"We hired at least one more writer since the last time we met.",
		"It's time to save Ryan DiGiorigi!",
		"BYOB: Bring your own buttcheeks.",
		"NOW, this game is worth $35!",
		"In the Time Hop straight jorkin it, and by it, haha lets say my Timejeanus",
		"She TimeHop on my Impostor till I GeoMesser",
		"Geomesser? I hardly know er'!?!?!",
		"I Jerri Rigged the election"
      ],
      "PRESS_SKIP": "We're done.",
      "LOOP_HINT_WRONG_CHOICE": [
        "Not this one!",
        "Don’t pick this, okay?"
      ],
      "LOOP_HINT_FIFTYFIFTY": "There’s a 50/50 chance this one’s right!",
      "LOOP_HINT_LESSER": "The answer is less than %d.",
      "LOOP_HINT_GREATER": "This answer is greater than %d.",
      "LOOP_HINT_WINNING_PLAYER_SELECTED": [
        "%s selected this! And they know stuff!",
        "The player in first selected this!"
      ],
      "LOOP_HINT_LOSING_PLAYER_SELECTED": "%s selected this, and they’re losing!",
      "LOOP_HINT_DOUBTFUL": [
        "This can’t be right, can it???",
        "Are you sure about this one?"
      ],
      "TIMELINE_GUESS_CREDITS": "-%d%",
      "INTRO_30_SECONDS": "Don't Dm Me. Don't Pregnant Man React Me.",
      "WINNER": "WINNER",
      "WINNER_AUDIENCE_SCORE": "SCORE: %d",
      "RANK": "RANK %d",
      "RANK_DESCRIPTION_0": "Past Master",
      "RANK_DESCRIPTION_1": "Speed of Bright",
      "RANK_DESCRIPTION_2": "Time Unraveler",
      "RANK_DESCRIPTION_3": "Past Fail",
      "RANK_DESCRIPTION_4": "Epoch Fail",
      "SCORES": "SCORES",
      "CALLOUT_MOST_JINXES": "Most Jinxes: %d",
      "CALLOUT_MOST_PERFECTS": "Most Perfect Answers: %d",
      "CALLOUT_MOST_YEARS_ACCUMULATED": "Most years accumulated, total: %d",
      "CALLOUT_LEAST_YEARS_ACCUMULATED": "Least years accumulated, total: %d",
      "CALLOUT_MOST_YEARS_CREDITED": "Most years taken off, total: %d",
      "CALLOUT_LEAST_YEARS_CREDITED": "Least years taken off, total: %d",
      "CALLOUT_WORST_GUESS": "Single worst guess: %d years off",
      "CALLOUT_MOST_CREDITED_AT_ONCE": "Most years taken off at once: %d",
      "AUDIENCE_NAME": "Audience",
      "LOOK_UP": "Look<br/>Up",
      "CREDITS_LYRIC_0": "When you’re waiting for your special sign",
      "CREDITS_LYRIC_1": "Just remember all we really have is time",
      "CREDITS_LYRIC_2": "Think back to all the years gone by",
      "CREDITS_LYRIC_3": "Geo Messin’ and you’re guessing",
      "CREDITS_LYRIC_4": "“What, When, and Why?”",
      "CREDITS_LYRIC_5": "Timejinx",
      "CREDITS_LYRIC_6": "Your mission is the future, baby",
      "CREDITS_LYRIC_7": "Timejinx",
      "CREDITS_LYRIC_8": "Fly through space, come to save me!",
      "CREDITS_LYRIC_9": "Don’t blink, Timejinx",
      "CREDITS_LYRIC_10": "Watch out for imposters",
      "CREDITS_LYRIC_11": "And beware of the time loop",
      "CREDITS_LYRIC_12": "If you change the course of history",
      "CREDITS_LYRIC_13": "Can you keep it all the same between you and me",
      "CREDITS_LYRIC_14": "When you think back, is the answer clear?",
      "CREDITS_LYRIC_15": "Is the past too daunting? Can you recall the year?",
      "CREDITS_LYRIC_16": "Timejinx",
      "CREDITS_LYRIC_17": "Your future is the mission baby",
      "CREDITS_LYRIC_18": "Timejinx",
      "CREDITS_LYRIC_19": "Fly through space, to the eighties",
      "CREDITS_LYRIC_20": "Don’t blink, Timejinx",
      "CREDITS_LYRIC_21": "Quick stop for the Time Hop",
      "CREDITS_LYRIC_22": "And get your kicks in the Time Fix",
      "FINAL_ROUND_BUMPER": "Final Task",
      "TD_LIST_NAME_COMMA": "%s,",
      "TD_COMMA": ",",
      "TD_LIST_AND_NAME": "and %s",
      "TD_NOBODY_CORRECT": "Nobody answered question %d correctly.",
      "TD_CORRECT_PLAYERS": "%s answered question %d correctly.",
      "TD_PLAYERS_FOR_NUM_CORRECT": "%s answered %d questions correctly, so they’ve had %d% taken off their score.",
      "TD_PLAYERS_FOR_NUM_CORRECT_SINGULAR": "%s answered 1 question correctly, so they’ve had %d% taken off their score.",
      "TD_PLAYER_JOINED": "Player %s has joined.",
      "TD_PLAYER_LEAVE": "Player %s has left the game.",
      "TD_INTRO_START": "30 seconds earlier… Time travelers in the wild west, the 1920s, and a primordial swamp receive a notification on their watches: “Look up!” A hologram projects on the sky and reads “Reminder: Trivia Night in the year %s. %s.” It morphs into the Timejinx logo.",
      "TD_INTRO_END": "We enter a dark, blue room with a time machine.",
      "TD_SCOREBOARD_REVEAL": "Scores appear on the monitor of a broken arcade cabinet. From last to first place, players have the following scores: %s",
      "TD_SCOREBOARD_PLAYER_SCORE": "%s with %d years.",
      "TD_WINNER_REVEAL": "The winner is: %s.",
      "TD_WINNER_RANK_REVEAL": "%s earned Rank %d, %s, with a score of %d.",
      "TD_AUDIENCE_RANK_REVEAL": "The audience earned Rank %d, %s, with a score of %d.",
      "TD_POSTGAME_STAT": "%s: %s.",
      "TD_LOOP_HINT_SPECIFIC": "The option %s has a hint: %s.",
      "TD_LOOP_HINT_GENERIC": "Hint: %s",
      "TD_CORRECT_OPTION": "The correct answer is: %s",
      "TD_AUDIENCE_CHOICE": "The audience chose: %s",
      "TD_PORTAL_OPEN": "A time machine opens to reveal a timeline with the years everyone traveled to.",
      "TD_TIMELINE_CORRECT_YEAR": "The correct year is %d.",
      "TD_TIMELINE_SOLO_GUESS": "%s guessed %d.",
      "TD_TIMELINE_GROUP_GUESS": "%s guessed %d. Jinx!",
      "TD_TIMELINE_SCORE": "%s gained %d years.",
      "TD_TIMELINE_CREDIT": "%s had %d% taken off their score.",
      "TD_TIMER_DURATION": "You have %d seconds.",
      "TD_GEO_CORRECT_LOCATION": "The true location is: %s",
      "TD_WINNER_REVEAL_TIE": "The winners are: %s.",
      "LOOP_HINT_AUDIENCE_PERCENT_CHOSE": "%d% of the audience selected this option!",
      "LOOP_HINT_HELLO_AND_CORRECT_ANSWER": [
        "Hey, glad you like the game! The correct answer is: %s",
        "I’m feeling generous. It’s this: %s",
        "Oh, screw it! Here’s the answer: %s"
      ],
      "LOOP_HINT_AUDIENCE_UNSELECTED": "%d audience voters, and NONE of them chose this one!",
      "LOOP_HINT_AUDIENCE_AND_PLAYERS_CORRECT": "%d players and %d% of the audience guessed correctly.",
      "LANDMARK_MISSING": "A famous landmark is missing.",
      "WHERE_ARE_WE": "Where are we?",
      "AUDIENCE": "Audience",
      "OR_SCAN_TO_JOIN": "or scan to join",
      "DECADE_FORMAT": "%ds",
      "WINNERS": "WINNERS",
      "TD_LOOP_ANSWER_UNREVEALED": "The answer to this question will be revealed later.",
      "SETTING_PLUS_CONTENT":"Plus Content Filter",
      "SETTING_PLUS_CONTENT_BASE":"Base",
      "SETTING_PLUS_CONTENT_BASE_DESCRIPTION":"You'll only get the base questions",
      "SETTING_PLUS_CONTENT_PLUS":"Plus",
      "SETTING_PLUS_CONTENT_PLUS_DESCRIPTION":"You'll only get the modded questions (English Only)",
      "SETTING_PLUS_CONTENT_BOTH":"Both",
      "SETTING_PLUS_CONTENT_BOTH_DESCRIPTION":"You'll get both the base questions, and the modded questions (English Only)",
      "SETTING_JU_SPECIFIC_CONTENT":"Filter J.U-Specific Content",
      "SETTING_JU_SPECIFIC_CONTENT_DESCRIPTION":"Removes questions involving the creators of the Timejinx+ mod and inside references to the Jackbox University Discord server (English Only)"
    },
    "fr": {
      "BACK": "Retour",
      "CLOSE": "Fermer",
      "CANCEL": "Annuler",
      "SELECT": "Sélectionner",
      "OR": "Ou",
      "ON": "Activer",
      "OFF": "Désactiver",
      "HIDE": "Masquer",
      "UNHIDE": "Afficher",
      "HIDDEN_ROOM_CODE": "?????",
      "JOIN": "Rejoindre !",
      "PLAY": "Jouer",
      "SETTINGS": "Paramètres",
      "BACK_TO_PACK": "Retour",
      "PLAY_DESCRIPTION": "Créer une salle et jouer",
      "SETTINGS_DESCRIPTION": "Censure, public et autres",
      "BACK_TO_PACK_DESCRIPTION": "Revenir au Party Pack",
      "CONNECTING": "Connexion aux services Jackbox Games",
      "CONNECTING_DELAY": "C'est long...<br/>Vérifiez votre connexion Internet.",
      "GO_TO": "Rejoindre à ",
      "JOIN_ON_YOUR_DEVICE": "sur votre appareil mobile pour participer",
      "ENTER_ROOM_CODE": "utilisation du code de salle",
      "READ_ROOM_CODE": "Lire le code de salle",
      "POST_GAME_CHOICE_TITLE": "REJOUER ?",
      "EVERYBODYS_IN": "En attente de %s pour lancer la partie !",
      "WAITING_FOR_MORE": "%s joueurs requis pour commencer !",
      "PRESS": "Appuyer sur",
      "TO_START": "pour commencer",
      "TO_CANCEL": "pour annuler",
      "TO_START_GAME": "pour commencer",
      "TO_CANCEL_GAME": "pour annuler",
      "JOIN_AUDIENCE": "Rejoignez le public !",
      "PLAY_AGAIN": "Rejouer ?",
      "SAME_PLAYERS": "LES MÊMES JOUEURS",
      "LOBBY_OR": "OU",
      "NEW_PLAYERS": "DE NOUVEAUX JOUEURS",
      "LOBBY_HEADER_MESSAGE_PLAYERS_JOINED": "{CURRENT_PLAYERS}/{MAX_PLAYERS} joueurs sont là",
      "LOBBY_STATUS_MESSAGE_WAITINGFORMORE": "{MIN_PLAYERS} joueurs requis pour commencer",
      "LOBBY_STATUS_MESSAGE_CANSTART": "Appuyer quand tout le monde est prêt",
      "LOBBY_STATUS_MESSAGE_COUNTDOWN": "Annuler le lancement de la partie",
      "LOBBY_STATUS_MESSAGE_WAITINGFORVIP": "En attente de {VIP} pour lancer la partie !",
      "LOBBY_STATUS_MESSAGE_WAITINGFORGAMEPAD": "En attente du lancement de la partie !",
      "POSTGAME_OR": "ou",
      "POSTGAME_PLAY_AGAIN": "Rejouer ?",
      "CONTROLLER_CANCEL": "ANNULER LE LANCEMENT DE LA PARTIE",
      "CONTROLLER_POSTGAME_CHOICE": "VOUS VOULEZ REJOUER ?",
      "CONTROLLER_SAME_PLAYERS": "LES MÊMES JOUEURS",
      "CONTROLLER_NEW_PLAYERS": "DE NOUVEAUX JOUEURS",
      "LOBBY_SETTINGS": "Paramètres",
      "LOBBY_SETTINGS_ICON_MAX": "MAX",
      "LOBBY_SETTINGS_ICON_MOD_PLURAL": "MODOS",
      "LOBBY_SETTINGS_ICON_MOD_SINGULAR": "MODO",
      "PRELOADING_ON_SCREEN_PROMPT": "Chargement.....",
      "MODERATION_TIMER_LABEL": "EN ATTENTE DE MODÉRATION",
      "GLOBAL_ROOM_CODE_LABEL": "Code de salle",
      "GLOBAL_ROOM_CODE_CODE_LABEL": "Code<br/>de salle",
      "GLOBAL_ROOM_CODE_AUDIENCE_LABEL": "Public",
      "GLOBAL_ROOM_CODE_REMINDER_LABEL": "jack<br/>box<br/>.tv",
      "TRIVIA_YEAR_HINT_STRING": "%s - %s",
      "YEAR_FORMAT_BCE": "%dAv. J.-C",
      "GENE_NAME": "GENE",
      "TRAVEL_TO_THE_YEAR": "Voyager vers l'année...",
      "ROUND_BUMPER": "Manche %d",
      "YOU_FROM_THE_FUTURE": "Futur(e) vous",
      "GUESS_OUT_OF_RANGE_ERROR": "À mille lieues !",
      "LEFT_IMPOSTOR_LABEL": "A",
      "RIGHT_IMPOSTOR_LABEL": "B",
      "TIMELINE_GUESS_ADD_POINTS": "+%d",
      "MINUS_X_PERCENT": "-%d %",
      "TETHER_PARTNER_GUESS": "Votre partenaire %s a saisi : %d",
      "YEAR_TRIVIA_WAITING_MESSAGE": "Préparez-vous à voyager dans le temps...",
      "SCREW_PROMPT": "Comment pourrait-on perturber le joueur en tête ?",
      "SCREW_FIRST_PLAYER_WAITING_MESSAGE": "Vous occupez la première place, alors asseyez-vous.",
      "SCREW_TITLE_TINY_KEYS": "Clavier minuscule",
      "SCREW_TITLE_POPUPS": "Annonces contextuelles",
      "LOOP_HINT_LEAST_SELECTED": [
        "Cette réponse n'a pas du tout la cote !",
        "Pratiquement personne n'a choisi cette option."
      ],
      "LOOP_HINT_MOST_SELECTED": [
        "Psst ! La plupart des joueurs ont choisi ça !",
        "Beaucoup de personnes pensent que c'est cette réponse."
      ],
      "LOOP_HINT_PLAYERS_CORRECT": "Joueurs qui ont donné la bonne réponse : %d",
      "LOOP_HINT_PLAYERS_INCORRECT": "%d joueurs ont donné une mauvaise réponse !",
      "AND_TETHER_TEXT": "Et",
      "DECADE_SHOWER": "Les",
      "BONUS_RANGE": "PORTÉE DE BONUS",
      "PROMPT_ID_TEXT": "CHARGEMENT...",
      "JOIN_URL": "Aller sur jackbox.tv",
      "VIP_ANIM": "VIP",
      "MESSAGE_MEDIUM_RANGE": "Le dernier chiffre est %d.",
      "MESSAGE_NARROW_RANGE": "L'avant-dernier chiffre est %d.",
      "YOINK_NAME": "Oncle Yoink",
      "INTRO_REMINDER": "Rappel :",
      "INTRO_TRIVIA_NIGHT": "Soirée quiz",
      "INTRO_IN_THE_YEAR": "en l'an %d",
      "INTRO_JOKE": [
        "Je sais que vous n'avez rien de mieux à faire.",
        "Ramenez-moi un dodo !",
        "Prévenez-moi si vous arrivez 15 ans en retard !"
      ],
      "PRESS_SKIP": "Appuyez sur “Passer” pour jouer !",
      "LOOP_HINT_WRONG_CHOICE": [
        "Pas ça !",
        "Ne choisissez pas ça, d'accord ?"
      ],
      "LOOP_HINT_FIFTYFIFTY": "Il y a une chance sur deux que ce soit la bonne réponse !",
      "LOOP_HINT_LESSER": "La réponse est inférieure à %d.",
      "LOOP_HINT_GREATER": "Cette réponse est supérieure à %d.",
      "LOOP_HINT_WINNING_PLAYER_SELECTED": [
        "%s a sélectionné ceci, et sait plein de choses !",
        "La tête du classement a sélectionné ceci !"
      ],
      "LOOP_HINT_LOSING_PLAYER_SELECTED": "%s a sélectionné ceci, et c’est une défaite !",
      "LOOP_HINT_DOUBTFUL": [
        "Ça ne peut pas être ça, quand même ???",
        "Celle-là, vraiment ?"
      ],
      "TIMELINE_GUESS_CREDITS": "-%d %",
      "INTRO_30_SECONDS": "30 secondes plus tôt...",
      "WINNER": "GAGNANT(E)",
      "WINNER_AUDIENCE_SCORE": "SCORE : %d",
      "RANK": "CLASSEMENT %d",
      "RANK_DESCRIPTION_0": "Maîtrise temporelle",
      "RANK_DESCRIPTION_1": "Avenir radieux",
      "RANK_DESCRIPTION_2": "Présence d'esprit",
      "RANK_DESCRIPTION_3": "Faillite temporelle",
      "RANK_DESCRIPTION_4": "Naufrage d'époque",
      "SCORES": "SCORES",
      "CALLOUT_MOST_JINXES": "Le plus de Jinx : %d",
      "CALLOUT_MOST_PERFECTS": "Le plus de réponses parfaites : %d",
      "CALLOUT_MOST_YEARS_ACCUMULATED": "Le plus d'années cumulées (total) : %d",
      "CALLOUT_LEAST_YEARS_ACCUMULATED": "Le moins d'années cumulées (total) : %d",
      "CALLOUT_MOST_YEARS_CREDITED": "Le plus d'années retirées (total) : %d",
      "CALLOUT_LEAST_YEARS_CREDITED": "Le moins d'années retirées (total) : %d",
      "CALLOUT_WORST_GUESS": "Pire estimation : %d années de décalage",
      "CALLOUT_MOST_CREDITED_AT_ONCE": "Le plus d'années retirées d'un coup : %d",
      "AUDIENCE_NAME": "Public",
      "LOOK_UP": "Levez<br/>les yeux",
      "CREDITS_LYRIC_0": "Quand tu attends un signe, juste pour toi ",
      "CREDITS_LYRIC_1": "Souviens toi que nous avons, surtout du temps",
      "CREDITS_LYRIC_2": "Pense à toutes ces années, qui passent",
      "CREDITS_LYRIC_3": "Un peu d’culture G demande-toi, ",
      "CREDITS_LYRIC_4": "quand et pourquoi",
      "CREDITS_LYRIC_5": "Timejinx",
      "CREDITS_LYRIC_6": "Ta mission c'est l'avenir bébé",
      "CREDITS_LYRIC_7": "Timejinx",
      "CREDITS_LYRIC_8": "Envole-toi et viens me sauver",
      "CREDITS_LYRIC_9": "Sans hésiter, avec Timejinx",
      "CREDITS_LYRIC_10": "Imposteurs à esquiver",
      "CREDITS_LYRIC_11": "boucles temporelles à traverser",
      "CREDITS_LYRIC_12": "Et si tu changes le cours de l'histoire",
      "CREDITS_LYRIC_13": "Rien ne changera je t'assure entre toi et moi",
      "CREDITS_LYRIC_14": "Réfléchis les réponses sont évidentes  ",
      "CREDITS_LYRIC_15": "Si le passé te hante rappelle-toi notre époque",
      "CREDITS_LYRIC_16": "Timejinx",
      "CREDITS_LYRIC_17": "Ta mission c'est l'avenir bébé",
      "CREDITS_LYRIC_18": "Timejinx",
      "CREDITS_LYRIC_19": "Retourne dans les années 80",
      "CREDITS_LYRIC_20": "Sans hésiter, avec Timejinx",
      "CREDITS_LYRIC_21": "Voyage dans le temps et hop",
      "CREDITS_LYRIC_22": "C'est l'éclate dans les époques",
      "FINAL_ROUND_BUMPER": "Dernière tâche",
      "TD_LIST_NAME_COMMA": "%s,",
      "TD_COMMA": ",",
      "TD_LIST_AND_NAME": "et %s",
      "TD_NOBODY_CORRECT": "Personne n'a répondu correctement à la question %d.",
      "TD_CORRECT_PLAYERS": "%s a répondu correctement à la question %d.",
      "TD_PLAYERS_FOR_NUM_CORRECT": "%s a répondu correctement à %d questions ; son score diminue donc de %d %.",
      "TD_PLAYERS_FOR_NUM_CORRECT_SINGULAR": "%s a répondu correctement à 1 question ; son score diminue donc de %d %.",
      "TD_PLAYER_JOINED": "Joueur %s a rejoint la partie.",
      "TD_PLAYER_LEAVE": "Joueur %s a quitté la partie.",
      "TD_INTRO_START": "30 secondes plus tôt... Les voyageurs temporels du Far West, des années 1920 et d'un marécage préhistorique reçoivent une notification sur leur montre : « Attention ! » Un hologramme apparaît dans le ciel : « Rappel : soirée quiz en l'an %s. %s. » Le visuel se transforme en logo TimeJinx.",
      "TD_INTRO_END": "Entrée dans une salle bleue et sombre, avec une machine temporelle.",
      "TD_SCOREBOARD_REVEAL": "Le score apparaît sur le moniteur d'une borne d’arcade détruite. En partant de la dernière place, les joueurs ont les scores suivants : %s",
      "TD_SCOREBOARD_PLAYER_SCORE": "%s avec %d années.",
      "TD_WINNER_REVEAL": "Le gagnant est : %s.",
      "TD_WINNER_RANK_REVEAL": "%s obtient le rang %d, %s, avec un score de %d.",
      "TD_AUDIENCE_RANK_REVEAL": "Le public obtient le rang %d, %s, avec un score de %d.",
      "TD_POSTGAME_STAT": "%s : %s.",
      "TD_LOOP_HINT_SPECIFIC": "L'option %s a un indice : %s.",
      "TD_LOOP_HINT_GENERIC": "Indice : %s",
      "TD_CORRECT_OPTION": "La bonne réponse est : %s",
      "TD_AUDIENCE_CHOICE": "Le public a choisi : %s",
      "TD_PORTAL_OPEN": "Une machine temporelle s'ouvre pour révéler une frise du temps, affichant les années où tout le monde a voyagé.",
      "TD_TIMELINE_CORRECT_YEAR": "L'année correcte est : %d.",
      "TD_TIMELINE_SOLO_GUESS": "%s a deviné %d.",
      "TD_TIMELINE_GROUP_GUESS": "%s a deviné %d. Jinx !",
      "TD_TIMELINE_SCORE": "%s a gagné %d années.",
      "TD_TIMELINE_CREDIT": "%s voit son score diminuer de %d %.",
      "TD_TIMER_DURATION": "Vous avez %d secondes.",
      "TD_GEO_CORRECT_LOCATION": "L'endroit correct est : %s",
      "TD_WINNER_REVEAL_TIE": "Les gagnants sont : %s.",
      "LOOP_HINT_AUDIENCE_PERCENT_CHOSE": "%d % du public a sélectionné cette option !",
      "LOOP_HINT_HELLO_AND_CORRECT_ANSWER": [
        "Ça fait plaisir que vous aimiez le jeu ! La bonne réponse est : %s",
        "Je suis d'humeur généreuse. La réponse est : %s",
        "Et puis zut ! Voici la réponse : %s"
      ],
      "LOOP_HINT_AUDIENCE_UNSELECTED": "%d votes du public, PERSONNE n'a choisi ça !",
      "LOOP_HINT_AUDIENCE_AND_PLAYERS_CORRECT": "%d joueurs et %d % du public ont bien répondu.",
      "LANDMARK_MISSING": "Il manque un monument célèbre.",
      "WHERE_ARE_WE": "Où sommes-nous ?",
      "AUDIENCE": "Public",
      "OR_SCAN_TO_JOIN": "ou scanner pour rejoindre",
      "DECADE_FORMAT": "Années %d",
      "WINNERS": "GAGNANT(E)S",
      "TD_LOOP_ANSWER_UNREVEALED": "La réponse à cette question sera révélée plus tard."
    },
    "it": {
      "BACK": "Indietro",
      "CLOSE": "Chiudi",
      "CANCEL": "Annulla",
      "SELECT": "Seleziona",
      "OR": "O",
      "ON": "Sì",
      "OFF": "No",
      "HIDE": "Nascondi",
      "UNHIDE": "Mostra",
      "HIDDEN_ROOM_CODE": "?????",
      "JOIN": "Partecipa!",
      "PLAY": "Gioca",
      "SETTINGS": "Impostazioni",
      "BACK_TO_PACK": "Indietro",
      "PLAY_DESCRIPTION": "Crea una stanza e gioca",
      "SETTINGS_DESCRIPTION": "Censura, pubblico e altro",
      "BACK_TO_PACK_DESCRIPTION": "Esci e torna al Party Pack",
      "CONNECTING": "Connessione ai servizi Jackbox Games...",
      "CONNECTING_DELAY": "L'operazione sta impiegando più tempo del previsto...<br/>Controlla la connessione a Internet.",
      "GO_TO": "Vai a: ",
      "JOIN_ON_YOUR_DEVICE": "sul tuo dispositivo mobile per partecipare",
      "ENTER_ROOM_CODE": "codice stanza in uso:",
      "READ_ROOM_CODE": "Leggi codice stanza",
      "POST_GAME_CHOICE_TITLE": "GIOCARE DI NUOVO?",
      "EVERYBODYS_IN": "In attesa che %s avvii la partita!",
      "WAITING_FOR_MORE": "%s giocatori richiesti per iniziare!",
      "PRESS": "Premi",
      "TO_START": "per avviare",
      "TO_CANCEL": "per annullare",
      "TO_START_GAME": "per avviare",
      "TO_CANCEL_GAME": "per annullare",
      "JOIN_AUDIENCE": "Partecipa come pubblico!",
      "PLAY_AGAIN": "Giocare di nuovo?",
      "SAME_PLAYERS": "STESSI GIOCATORI",
      "LOBBY_OR": "O",
      "NEW_PLAYERS": "NUOVI GIOCATORI",
      "LOBBY_HEADER_MESSAGE_PLAYERS_JOINED": "{CURRENT_PLAYERS}/{MAX_PLAYERS} partecipanti",
      "LOBBY_STATUS_MESSAGE_WAITINGFORMORE": "{MIN_PLAYERS} giocatori necessari per avviare",
      "LOBBY_STATUS_MESSAGE_CANSTART": "Premi quando tutti sono pronti",
      "LOBBY_STATUS_MESSAGE_COUNTDOWN": "Annulla avvio partita",
      "LOBBY_STATUS_MESSAGE_WAITINGFORVIP": "In attesa che {VIP} avvii la partita!",
      "LOBBY_STATUS_MESSAGE_WAITINGFORGAMEPAD": "In attesa che la partiti inizi!",
      "POSTGAME_OR": "o",
      "POSTGAME_PLAY_AGAIN": "Giocare di nuovo?",
      "CONTROLLER_CANCEL": "ANNULLA AVVIO PARTITA",
      "CONTROLLER_POSTGAME_CHOICE": "GIOCARE DI NUOVO?",
      "CONTROLLER_SAME_PLAYERS": "STESSI GIOCATORI",
      "CONTROLLER_NEW_PLAYERS": "NUOVI GIOCATORI",
      "LOBBY_SETTINGS": "Impostazioni",
      "LOBBY_SETTINGS_ICON_MAX": "MAX",
      "LOBBY_SETTINGS_ICON_MOD_PLURAL": "MODERATORI",
      "LOBBY_SETTINGS_ICON_MOD_SINGULAR": "MODERATORE",
      "PRELOADING_ON_SCREEN_PROMPT": "Caricamento...",
      "MODERATION_TIMER_LABEL": "IN ATTESA DI MODERAZIONE",
      "GLOBAL_ROOM_CODE_LABEL": "Codice stanza",
      "GLOBAL_ROOM_CODE_CODE_LABEL": "Codice<br/>stanza",
      "GLOBAL_ROOM_CODE_AUDIENCE_LABEL": "Pubblico",
      "GLOBAL_ROOM_CODE_REMINDER_LABEL": "jack<br/>box<br/>.tv",
      "TRIVIA_YEAR_HINT_STRING": "%s - %s",
      "YEAR_FORMAT_BCE": "%dA.C.",
      "GENE_NAME": "GENE",
      "TRAVEL_TO_THE_YEAR": "Viaggia nel tempo fino all'anno...",
      "ROUND_BUMPER": "Round %d",
      "YOU_FROM_THE_FUTURE": "Tu dal futuro",
      "GUESS_OUT_OF_RANGE_ERROR": "Fuori dall'intervallo!",
      "LEFT_IMPOSTOR_LABEL": "A",
      "RIGHT_IMPOSTOR_LABEL": "B",
      "TIMELINE_GUESS_ADD_POINTS": "+%d",
      "MINUS_X_PERCENT": "-%d%",
      "TETHER_PARTNER_GUESS": "Il tuo partner %s ha scelto: %d",
      "YEAR_TRIVIA_WAITING_MESSAGE": "Il viaggio nel tempo sta per iniziare...",
      "SCREW_PROMPT": "Com'è possibile che la persona in testa rimanga fregata?",
      "SCREW_FIRST_PLAYER_WAITING_MESSAGE": "Hai ottenuto la prima posizione. Cavoli tuoi ora.",
      "SCREW_TITLE_TINY_KEYS": "Tastiera minuscola",
      "SCREW_TITLE_POPUPS": "Annunci popup",
      "LOOP_HINT_LEAST_SELECTED": [
        "Questa non è stata per niente gettonata!",
        "Quasi nessuno ha scelto questa."
      ],
      "LOOP_HINT_MOST_SELECTED": [
        "Psss! La maggior parte dei giocatori ha scelto questa!",
        "Tanta gente pensa che sia questa."
      ],
      "LOOP_HINT_PLAYERS_CORRECT": "%d giocatori hanno azzeccato!",
      "LOOP_HINT_PLAYERS_INCORRECT": "%d giocatori hanno sbagliato!",
      "AND_TETHER_TEXT": "E",
      "DECADE_SHOWER": "Gli",
      "BONUS_RANGE": "INTERVALLO BONUS",
      "PROMPT_ID_TEXT": "CARICAMENTO...",
      "JOIN_URL": "Vai a jackbox.tv",
      "VIP_ANIM": "VIP",
      "MESSAGE_MEDIUM_RANGE": "L'ultima cifra è %d.",
      "MESSAGE_NARROW_RANGE": "La penultima cifra è %d.",
      "YOINK_NAME": "Zio Yoink",
      "INTRO_REMINDER": "Promemoria:",
      "INTRO_TRIVIA_NIGHT": "Serata quiz",
      "INTRO_IN_THE_YEAR": "nell'anno %d",
      "INTRO_JOKE": [
        "So che non avete piani migliori.",
        "Portate un matusa!",
        "Fatemi sapere se siete 15 anni in ritardo!"
      ],
      "PRESS_SKIP": "Premi \"Salta introduzione\" per iniziare a giocare!",
      "LOOP_HINT_WRONG_CHOICE": [
        "Non questa!",
        "Non scegliere questa, ok?"
      ],
      "LOOP_HINT_FIFTYFIFTY": "C'è un 50% di possibilità che questa sia giusta!",
      "LOOP_HINT_LESSER": "La risposta è minore di %d.",
      "LOOP_HINT_GREATER": "La risposta è maggiore di %d.",
      "LOOP_HINT_WINNING_PLAYER_SELECTED": [
        "%s ha selezionato questa, e ne sa a pacchi!",
        "Il giocatore in testa ha selezionato questa!"
      ],
      "LOOP_HINT_LOSING_PLAYER_SELECTED": "%s ha selezionato questa e sta perdendo!",
      "LOOP_HINT_DOUBTFUL": [
        "No dai, non è possibile... Davvero?",
        "E se poi te ne penti?"
      ],
      "TIMELINE_GUESS_CREDITS": "- %d%",
      "INTRO_30_SECONDS": "30 secondi prima...",
      "WINNER": "VINCE",
      "WINNER_AUDIENCE_SCORE": "PUNTEGGIO: %d",
      "RANK": "RANGO %d",
      "RANK_DESCRIPTION_0": "Specialista del passato",
      "RANK_DESCRIPTION_1": "Velocità della lucidità mentale",
      "RANK_DESCRIPTION_2": "Rivela-tempo",
      "RANK_DESCRIPTION_3": "Fallimento del passato",
      "RANK_DESCRIPTION_4": "Fallimento epocale",
      "SCORES": "PUNTEGGI",
      "CALLOUT_MOST_JINXES": "Più risposte coordinate: %d",
      "CALLOUT_MOST_PERFECTS": "Più risposte perfette: %d",
      "CALLOUT_MOST_YEARS_ACCUMULATED": "Più anni accumulati, in totale: %d",
      "CALLOUT_LEAST_YEARS_ACCUMULATED": "Meno anni accumulati, in totale: %d",
      "CALLOUT_MOST_YEARS_CREDITED": "Più anni tolti, in totale: %d",
      "CALLOUT_LEAST_YEARS_CREDITED": "Meno anni tolti, in totale: %d",
      "CALLOUT_WORST_GUESS": "Risposta singola peggiore: %d di discrepanza",
      "CALLOUT_MOST_CREDITED_AT_ONCE": "Più anni tolti in una volta sola: %d",
      "AUDIENCE_NAME": "Pubblico",
      "LOOK_UP": "Guarda<br/>su",
      "CREDITS_LYRIC_0": "Quando pensi il tempo non passi mai",
      "CREDITS_LYRIC_1": "Se ripeti che poi un giorno sì potrai",
      "CREDITS_LYRIC_2": "Fare tutto da grande, ma dai",
      "CREDITS_LYRIC_3": "Se sapessi",
      "CREDITS_LYRIC_4": "quanto lo rimpiangerai",
      "CREDITS_LYRIC_5": "Timejinx",
      "CREDITS_LYRIC_6": "Goditi il tuo tempo, baby",
      "CREDITS_LYRIC_7": "Timejinx",
      "CREDITS_LYRIC_8": "TimeJinx poi ti farà tornare indietro",
      "CREDITS_LYRIC_9": "Così, Timejinx",
      "CREDITS_LYRIC_10": "Viaggio nel passato",
      "CREDITS_LYRIC_11": "E mi becco un time loop",
      "CREDITS_LYRIC_12": "Se poi pensi ma che faccio qui",
      "CREDITS_LYRIC_13": "E in quale epoca dovrei integrarmi",
      "CREDITS_LYRIC_14": "Beh è perché ora sei in balia",
      "CREDITS_LYRIC_15": "Di questo tempo Quasi fosse una magia",
      "CREDITS_LYRIC_16": "Timejinx",
      "CREDITS_LYRIC_17": "Goditi il tuo tempo, baby",
      "CREDITS_LYRIC_18": "Timejinx",
      "CREDITS_LYRIC_19": "Magari incontrerai i tuoi eredi",
      "CREDITS_LYRIC_20": "Così, Timejinx",
      "CREDITS_LYRIC_21": "Tempo non ti temo",
      "CREDITS_LYRIC_22": "Perché io qui ho Time Fix",
      "FINAL_ROUND_BUMPER": "Compito finale",
      "TD_LIST_NAME_COMMA": "%s,",
      "TD_COMMA": ",",
      "TD_LIST_AND_NAME": "e %s",
      "TD_NOBODY_CORRECT": "Nessuno ha risposto correttamente alla domanda %d.",
      "TD_CORRECT_PLAYERS": "%s ha risposto correttamente alla domanda %d.",
      "TD_PLAYERS_FOR_NUM_CORRECT": "Grazie alle %d risposte corrette di %s, una deduzione di un %d è stata applicata al punteggio.",
      "TD_PLAYERS_FOR_NUM_CORRECT_SINGULAR": "%s ha risposto correttamente a 1 domanda, deducendo quindi un % dal proprio punteggio.",
      "TD_PLAYER_JOINED": "Ora il giocatore %s sta partecipando.",
      "TD_PLAYER_LEAVE": "Il giocatore %s ha abbandonato la partita.",
      "TD_INTRO_START": "30 secondi prima... Dei viaggiatori del tempo nel selvaggio West, negli anni '20 e in una palude primordiale ricevono una notifica sui loro orologi: \"Guardate su!\" E un ologramma proiettato sul cielo dice: \"Promemoria: serata quiz dell'anno %s. %s.\" Si trasforma nel logo Timejinx.",
      "TD_INTRO_END": "Entriamo in una stanza blu e buia con una macchina del tempo.",
      "TD_SCOREBOARD_REVEAL": "Appaiono dei punteggi sullo schermo di un cabinato arcade rotto. Dall'ultimo al primo, i giocatori hanno i seguenti punteggi: %s",
      "TD_SCOREBOARD_PLAYER_SCORE": "%s con %d anni.",
      "TD_WINNER_REVEAL": "La vittoria è di: %s.",
      "TD_WINNER_RANK_REVEAL": "%s ha ottenuto il rango %d, %s, con un punteggio di %d.",
      "TD_AUDIENCE_RANK_REVEAL": "Il pubblico ha ottenuto il rango %d, %s, con un punteggio di %d.",
      "TD_POSTGAME_STAT": "%s: %s.",
      "TD_LOOP_HINT_SPECIFIC": "L'opzione %s ha un indizio: %s.",
      "TD_LOOP_HINT_GENERIC": "Indizio: %s",
      "TD_CORRECT_OPTION": "La risposta corretta è: %s",
      "TD_AUDIENCE_CHOICE": "Il pubblico ha scelto: %s",
      "TD_PORTAL_OPEN": "Una macchina del tempo si apre e rivela e una linea temporale con gli anni in cui tutti hanno viaggiato.",
      "TD_TIMELINE_CORRECT_YEAR": "L'anno corretto è: %d.",
      "TD_TIMELINE_SOLO_GUESS": "%s ha scelto %d.",
      "TD_TIMELINE_GROUP_GUESS": "%s ha scelto %d. Jinx!",
      "TD_TIMELINE_SCORE": "%s ha ottenuto %d anni.",
      "TD_TIMELINE_CREDIT": "%s ha ottenuto una detrazione di un %d% dal proprio punteggio.",
      "TD_TIMER_DURATION": "Sono rimasti %d secondi.",
      "TD_GEO_CORRECT_LOCATION": "Il luogo reale è: %s",
      "TD_WINNER_REVEAL_TIE": "La vittoria è di: %s.",
      "LOOP_HINT_AUDIENCE_PERCENT_CHOSE": "Un %d% del pubblico ha selezionato questa opzione!",
      "LOOP_HINT_HELLO_AND_CORRECT_ANSWER": [
        "Beh, mi fa piacere che il gioco venga apprezzato! La risposta corretta è: %s.",
        "Mi sento buona. È questa: %s",
        "E va bene! Ecco la risposta: %s"
      ],
      "LOOP_HINT_AUDIENCE_UNSELECTED": "%d votanti nel pubblico, e NESSUNO ha scelto questa!",
      "LOOP_HINT_AUDIENCE_AND_PLAYERS_CORRECT": "%d giocatori e un %d% del pubblico hanno indovinato.",
      "LANDMARK_MISSING": "Manca una famosa attrazione.",
      "WHERE_ARE_WE": "Dove siamo?",
      "AUDIENCE": "Pubblico",
      "OR_SCAN_TO_JOIN": "o scansiona per partecipare",
      "DECADE_FORMAT": "anni %d",
      "WINNERS": "VINCONO",
      "TD_LOOP_ANSWER_UNREVEALED": "La risposta a questa domanda verrà rivelata in seguito."
    },
    "de": {
      "BACK": "Zurück",
      "CLOSE": "Schließen",
      "CANCEL": "Abbrechen",
      "SELECT": "Auswählen",
      "OR": "oder",
      "ON": "An",
      "OFF": "Aus",
      "HIDE": "Ausblenden",
      "UNHIDE": "Einblenden",
      "HIDDEN_ROOM_CODE": "?????",
      "JOIN": "Beitreten!",
      "PLAY": "Spielen",
      "SETTINGS": "Einstellungen",
      "BACK_TO_PACK": "Zurück",
      "PLAY_DESCRIPTION": "Raum erstellen & spielen",
      "SETTINGS_DESCRIPTION": "Zensierung, Publikum & mehr",
      "BACK_TO_PACK_DESCRIPTION": "Zurück zum Party Pack",
      "CONNECTING": "Verbinde mit Diensten von Jackbox Games",
      "CONNECTING_DELAY": "Es dauert ein wenig ...<br/>Bitte überprüfe deine Internetverbindung.",
      "GO_TO": "Mach mit unter: ",
      "JOIN_ON_YOUR_DEVICE": "mit deinem Mobilgerät, um beizutreten.",
      "ENTER_ROOM_CODE": "mit Raumcode",
      "READ_ROOM_CODE": "Raumcode vorlesen",
      "POST_GAME_CHOICE_TITLE": "ERNEUT SPIELEN?",
      "EVERYBODYS_IN": "Warte, bis %s das Spiel startet!",
      "WAITING_FOR_MORE": "%s Spieler zum Starten benötigt!",
      "PRESS": "Drücke",
      "TO_START": ", um zu starten",
      "TO_CANCEL": ", um abzubrechen",
      "TO_START_GAME": ", um zu starten",
      "TO_CANCEL_GAME": ", um abzubrechen",
      "JOIN_AUDIENCE": "Komm ins Publikum!",
      "PLAY_AGAIN": "Erneut spielen?",
      "SAME_PLAYERS": "SELBE SPIELER",
      "LOBBY_OR": "ODER",
      "NEW_PLAYERS": "NEUE SPIELER",
      "LOBBY_HEADER_MESSAGE_PLAYERS_JOINED": "{CURRENT_PLAYERS} von {MAX_PLAYERS} beigetreten",
      "LOBBY_STATUS_MESSAGE_WAITINGFORMORE": "Mindestens {MIN_PLAYERS} Spieler benötigt",
      "LOBBY_STATUS_MESSAGE_CANSTART": "Drücke, wenn alle bereit sind",
      "LOBBY_STATUS_MESSAGE_COUNTDOWN": "Spielstart abbrechen",
      "LOBBY_STATUS_MESSAGE_WAITINGFORVIP": "Warte, bis {VIP} das Spiel startet!",
      "LOBBY_STATUS_MESSAGE_WAITINGFORGAMEPAD": "Warte, bis das Spiel startet!",
      "POSTGAME_OR": "oder",
      "POSTGAME_PLAY_AGAIN": "Erneut spielen?",
      "CONTROLLER_CANCEL": "SPIELSTART ABBRECHEN",
      "CONTROLLER_POSTGAME_CHOICE": "ERNEUT SPIELEN?",
      "CONTROLLER_SAME_PLAYERS": "SELBE SPIELER",
      "CONTROLLER_NEW_PLAYERS": "NEUE SPIELER",
      "LOBBY_SETTINGS": "Einstellungen",
      "LOBBY_SETTINGS_ICON_MAX": "MAX",
      "LOBBY_SETTINGS_ICON_MOD_PLURAL": "MODS",
      "LOBBY_SETTINGS_ICON_MOD_SINGULAR": "MOD",
      "PRELOADING_ON_SCREEN_PROMPT": "Lädt ...",
      "MODERATION_TIMER_LABEL": "WARTE AUF MODERATION",
      "GLOBAL_ROOM_CODE_LABEL": "Raumcode",
      "GLOBAL_ROOM_CODE_CODE_LABEL": "Raum-<br/>code",
      "GLOBAL_ROOM_CODE_AUDIENCE_LABEL": "Publikum",
      "GLOBAL_ROOM_CODE_REMINDER_LABEL": "jack<br/>box<br/>.tv",
      "TRIVIA_YEAR_HINT_STRING": "%s – %s",
      "YEAR_FORMAT_BCE": "%d v. Chr.",
      "GENE_NAME": "GENE",
      "TRAVEL_TO_THE_YEAR": "Reise in dieses Jahr:",
      "ROUND_BUMPER": "%d. Runde",
      "YOU_FROM_THE_FUTURE": "Dein zukünftiges Ich",
      "GUESS_OUT_OF_RANGE_ERROR": "Außerhalb des Bereichs!",
      "LEFT_IMPOSTOR_LABEL": "A",
      "RIGHT_IMPOSTOR_LABEL": "B",
      "TIMELINE_GUESS_ADD_POINTS": "+%d",
      "MINUS_X_PERCENT": "-%d %",
      "TETHER_PARTNER_GUESS": "Dein Teammitglied %s hat dies eingeben: %d",
      "YEAR_TRIVIA_WAITING_MESSAGE": "Mach dich bereit für eine Zeitreise ...",
      "SCREW_PROMPT": "Wie sollte der Person auf dem ersten Platz eins ausgewischt werden?",
      "SCREW_FIRST_PLAYER_WAITING_MESSAGE": "Du liegst vorne, also. halt. dich. zurück.",
      "SCREW_TITLE_TINY_KEYS": "Winzige Tastatur",
      "SCREW_TITLE_POPUPS": "Pop-up-Werbung",
      "LOOP_HINT_LEAST_SELECTED": [
        "Diese war sehr unbeliebt!",
        "Kaum einer hat dies gewählt."
      ],
      "LOOP_HINT_MOST_SELECTED": [
        "Psst! die meisten haben das hier gewählt!",
        "Viele denken, es sei das hier."
      ],
      "LOOP_HINT_PLAYERS_CORRECT": "Korrekt beantwortet: %d Spieler!",
      "LOOP_HINT_PLAYERS_INCORRECT": "Falsch beantwortet: %d Spieler!",
      "AND_TETHER_TEXT": "und",
      "DECADE_SHOWER": "Die",
      "BONUS_RANGE": "BONUS-ZEITRAUM",
      "PROMPT_ID_TEXT": "LÄDT ...",
      "JOIN_URL": "Gehe auf jackbox.tv",
      "VIP_ANIM": "VIP",
      "MESSAGE_MEDIUM_RANGE": "Die letzte Zahl ist %d.",
      "MESSAGE_NARROW_RANGE": "Die vorletzte Zahl ist %d.",
      "YOINK_NAME": "Onkel Schwupps",
      "INTRO_REMINDER": "Zur Erinnerung:",
      "INTRO_TRIVIA_NIGHT": "Quizabend",
      "INTRO_IN_THE_YEAR": "im Jahr %d",
      "INTRO_JOKE": [
        "Ich weiß, dass du nichts Besseres zu tun hast.",
        "Bring einen Dodo mit!",
        "Schreib mir, falls du 15 Jahre später kommst!"
      ],
      "PRESS_SKIP": "Drücke „Überspringen”, um loszuspielen!",
      "LOOP_HINT_WRONG_CHOICE": [
        "Nicht das hier!",
        "Nimm nicht das hier, okay?"
      ],
      "LOOP_HINT_FIFTYFIFTY": "Die Chance ist fifty-fifty, dass dies richtig ist.",
      "LOOP_HINT_LESSER": "Die richtige Antwort liegt unter %d.",
      "LOOP_HINT_GREATER": "Die richtige Antwort liegt über %d.",
      "LOOP_HINT_WINNING_PLAYER_SELECTED": [
        "%s hat das ausgewählt – und kennt sich sonst aus!",
        "Die Person, die in Führung liegt, hat das hier ausgewählt!"
      ],
      "LOOP_HINT_LOSING_PLAYER_SELECTED": "%s hat das ausgewählt – und ist auf dem letzten Platz!",
      "LOOP_HINT_DOUBTFUL": [
        "Das kann doch nicht stimmen, oder???",
        "Bist du dir sicher?"
      ],
      "TIMELINE_GUESS_CREDITS": "-%d %",
      "INTRO_30_SECONDS": "30 Sekunden zuvor ...",
      "WINNER": "GEWONNEN",
      "WINNER_AUDIENCE_SCORE": "PUNKTESTAND: %d",
      "RANK": "RANG %d",
      "RANK_DESCRIPTION_0": "Vergangener Meister ",
      "RANK_DESCRIPTION_1": "Schlauologe",
      "RANK_DESCRIPTION_2": "Geschichtsverschreiber",
      "RANK_DESCRIPTION_3": "Geschichtsvergessen",
      "RANK_DESCRIPTION_4": "Epochaler Fail",
      "SCORES": "PUNKTESTAND",
      "CALLOUT_MOST_JINXES": "Die meisten Jinxe: %d",
      "CALLOUT_MOST_PERFECTS": "Die meisten perfekten Antworten: %d",
      "CALLOUT_MOST_YEARS_ACCUMULATED": "Die meisten gesammelten Jahre: %d",
      "CALLOUT_LEAST_YEARS_ACCUMULATED": "Die wenigsten gesammelten Jahre: %d",
      "CALLOUT_MOST_YEARS_CREDITED": "Die meisten abgezogenen Jahre: %d",
      "CALLOUT_LEAST_YEARS_CREDITED": "Die wenigsten abgezogenen Jahre: %d",
      "CALLOUT_WORST_GUESS": "Allerschlechteste Schätzung: um %d Jahre vertan",
      "CALLOUT_MOST_CREDITED_AT_ONCE": "Die meisten Jahre auf einmal abgezogen: %d",
      "AUDIENCE_NAME": "Publikum",
      "LOOK_UP": "SCHAU<br/>HOCH",
      "CREDITS_LYRIC_0": "Wartest du auf einen Wink von mir,",
      "CREDITS_LYRIC_1": "Denk dran alle Zeit der Welt gehört dir",
      "CREDITS_LYRIC_2": "All die Jahre die verflossen sind,",
      "CREDITS_LYRIC_3": "und du dich gefragt hast täglich,",
      "CREDITS_LYRIC_4": "wie, was, und wann?",
      "CREDITS_LYRIC_5": "Timejinx",
      "CREDITS_LYRIC_6": "Die Zukunft ist zu retten, Baby",
      "CREDITS_LYRIC_7": "Timejinx",
      "CREDITS_LYRIC_8": "Durch die Zeit komm und hol’ mich!",
      "CREDITS_LYRIC_9": "Mein Prinz! Timejinx!",
      "CREDITS_LYRIC_10": "Hochstapler und Schleifen",
      "CREDITS_LYRIC_11": "In der Zeit sind bedrohlich.",
      "CREDITS_LYRIC_12": "Wenn du Weltgeschichte gleich verbiegst,",
      "CREDITS_LYRIC_13": "bitte mach, dass du mich auch dann noch ewig liebst.",
      "CREDITS_LYRIC_14": "Denk zurück, ist die Erinn’rung klar?",
      "CREDITS_LYRIC_15": "Gestern liegt im Dunkeln, weißt du noch welches Jahr?",
      "CREDITS_LYRIC_16": "Timejinx",
      "CREDITS_LYRIC_17": "Wir retten jetzt die Zukunft, Baby",
      "CREDITS_LYRIC_18": "Timejinx",
      "CREDITS_LYRIC_19": "Deine Zeitreiseparty.",
      "CREDITS_LYRIC_20": "Mein Prinz! Timejinx!",
      "CREDITS_LYRIC_21": "Zwischenstopp beim Time Hop",
      "CREDITS_LYRIC_22": "und dann mal nix wie zum Time Fix!",
      "FINAL_ROUND_BUMPER": "Letzte Aufgabe",
      "TD_LIST_NAME_COMMA": "%s,",
      "TD_COMMA": ",",
      "TD_LIST_AND_NAME": "und %s",
      "TD_NOBODY_CORRECT": "Niemand hat die Frage „%d“ korrekt beantwortet.",
      "TD_CORRECT_PLAYERS": "%s hat die Frage „%d“ korrekt beantwortet.",
      "TD_PLAYERS_FOR_NUM_CORRECT": "%s hat %d Fragen korrekt beantwortet. %d% Punktabzug.",
      "TD_PLAYERS_FOR_NUM_CORRECT_SINGULAR": "%s hat 1 Frage korrekt beantwortet. %d% Punktabzug.",
      "TD_PLAYER_JOINED": "%s ist beigetreten.",
      "TD_PLAYER_LEAVE": "%s hat das Spiel verlassen.",
      "TD_INTRO_START": "30 Sekunden zuvor ... Zeitreisende im Wilden Westen, den 1920er Jahren und in einem urzeitlichen Sumpf erhalten eine Nachricht auf ihren Uhren: „Schau hoch!“. Ein Hologramm projiziert die folgende Nachricht an den Himmel: „Erinnerung: Quiz Night Im Jahr %s. %s.” Sie verwandelt sich in das Timejinx-Logo.",
      "TD_INTRO_END": "Wir betreten einen dunkelblauen Raum, indem eine Zeitmaschine steht.",
      "TD_SCOREBOARD_REVEAL": "Punktestände erscheinen auf dem Monitor eines defekten Videospielautomaten. Vom letzten bis zum ersten Platz haben die Spielenden die folgenden Punkte: %s",
      "TD_SCOREBOARD_PLAYER_SCORE": "%s mit %d Jahren.",
      "TD_WINNER_REVEAL": "%s Hat gewonnen.",
      "TD_WINNER_RANK_REVEAL": "%s hat Rang %d erzielt, %s, mit einer Punktzahl von %d.",
      "TD_AUDIENCE_RANK_REVEAL": "Das Publikum hat Rang %d erzielt, %s, mit einer Punktzahl von %d.",
      "TD_POSTGAME_STAT": "%s: %s.",
      "TD_LOOP_HINT_SPECIFIC": "Die Option %s hat einen Hinweis: %s.",
      "TD_LOOP_HINT_GENERIC": "Hinweis: %s",
      "TD_CORRECT_OPTION": "Die Korrekte Antwort ist: %s",
      "TD_AUDIENCE_CHOICE": "Die Wahl des Publikums: %s",
      "TD_PORTAL_OPEN": "Eine Zeitmaschine öffnet sich, um einen Zeitstrahl zu zeigen, auf dem die Jahre zu sehen sind, zu denen alle gereist sind.",
      "TD_TIMELINE_CORRECT_YEAR": "Das korrekte Jahr ist %d.",
      "TD_TIMELINE_SOLO_GUESS": "Tipp von %s: %d.",
      "TD_TIMELINE_GROUP_GUESS": "Tipp von %s: %d. Jinx!",
      "TD_TIMELINE_SCORE": "%s hat %d Jahre dazugewonnen.",
      "TD_TIMELINE_CREDIT": "%s hat %d% Punktabzug erhalten.",
      "TD_TIMER_DURATION": "Noch %d Sekunden.",
      "TD_GEO_CORRECT_LOCATION": "Der tatsächliche Ort ist: %s",
      "TD_WINNER_REVEAL_TIE": "%s haben gewonnen.",
      "LOOP_HINT_AUDIENCE_PERCENT_CHOSE": "%d % des Publikums haben diese Option gewählt!",
      "LOOP_HINT_HELLO_AND_CORRECT_ANSWER": [
        "Hey, schön, dass dir das Spiel gefällt! Die korrekte Antwort lautet: %s",
        "Ich bin mal großzügig. Es ist das hier: %s",
        "Ach, egal. Das hier ist die Antwort:"
      ],
      "LOOP_HINT_AUDIENCE_UNSELECTED": "%d Publikumsstimmen und KEINE davon ging an das hier!",
      "LOOP_HINT_AUDIENCE_AND_PLAYERS_CORRECT": "%d der Spielenden und %d % des Publikums haben richtig gelegen.",
      "LANDMARK_MISSING": "Ein berühmtes Wahrzeichen fehlt.",
      "WHERE_ARE_WE": "Wo sind wir?",
      "AUDIENCE": "Publikum",
      "OR_SCAN_TO_JOIN": "oder scanne hier",
      "DECADE_FORMAT": "%der",
      "WINNERS": "GEWONNEN",
      "TD_LOOP_ANSWER_UNREVEALED": "Die Antwort auf diese Frage wird später enthüllt."
    },
    "es": {
      "BACK": "Atrás",
      "CLOSE": "Cerrar",
      "CANCEL": "Cancelar",
      "SELECT": "Seleccionar",
      "OR": "O",
      "ON": "Sí",
      "OFF": "No",
      "HIDE": "Ocultar",
      "UNHIDE": "Mostrar",
      "HIDDEN_ROOM_CODE": "¿¿¿???",
      "JOIN": "¡Únete!",
      "PLAY": "Jugar",
      "SETTINGS": "Ajustes",
      "BACK_TO_PACK": "Atrás",
      "PLAY_DESCRIPTION": "Crear una sala y una partida",
      "SETTINGS_DESCRIPTION": "Censura, público y otras opciones",
      "BACK_TO_PACK_DESCRIPTION": "Volver al Party Pack",
      "CONNECTING": "Conectando con los servicios de Jackbox Games",
      "CONNECTING_DELAY": "Sí que está tardando…<br/>Comprueba tu conexión a Internet.",
      "GO_TO": "Únete en ",
      "JOIN_ON_YOUR_DEVICE": "en tu dispositivo móvil para unirte",
      "ENTER_ROOM_CODE": "con código de la sala",
      "READ_ROOM_CODE": "Leer código de la sala",
      "POST_GAME_CHOICE_TITLE": "¿JUGAR DE NUEVO?",
      "EVERYBODYS_IN": "Esperando a %s para comenzar la partida.",
      "WAITING_FOR_MORE": "Se necesitan %s jugadores para empezar.",
      "PRESS": "Pulsa",
      "TO_START": "para empezar",
      "TO_CANCEL": "para cancelar",
      "TO_START_GAME": "para empezar",
      "TO_CANCEL_GAME": "para cancelar",
      "JOIN_AUDIENCE": "¡Únete al público!",
      "PLAY_AGAIN": "¿Jugar de nuevo?",
      "SAME_PLAYERS": "MISMOS PARTICIPANTES",
      "LOBBY_OR": "O",
      "NEW_PLAYERS": "NUEVOS PARTICIPANTES",
      "LOBBY_HEADER_MESSAGE_PLAYERS_JOINED": "Se han unido {CURRENT_PLAYERS}/{MAX_PLAYERS} jugadores",
      "LOBBY_STATUS_MESSAGE_WAITINGFORMORE": "Se necesita un mínimo de {MIN_PLAYERS} jugadores para empezar",
      "LOBBY_STATUS_MESSAGE_CANSTART": "Pulsa cuando esté todo el mundo listo",
      "LOBBY_STATUS_MESSAGE_COUNTDOWN": "Cancelar inicio de partida",
      "LOBBY_STATUS_MESSAGE_WAITINGFORVIP": "Esperando a {VIP} para comenzar la partida.",
      "LOBBY_STATUS_MESSAGE_WAITINGFORGAMEPAD": "Esperando a que comience la partida.",
      "POSTGAME_OR": "o",
      "POSTGAME_PLAY_AGAIN": "¿Jugar de nuevo?",
      "CONTROLLER_CANCEL": "CANCELAR INICIO DE PARTIDA",
      "CONTROLLER_POSTGAME_CHOICE": "¿QUIERES JUGAR DE NUEVO?",
      "CONTROLLER_SAME_PLAYERS": "MISMOS PARTICIPANTES",
      "CONTROLLER_NEW_PLAYERS": "NUEVOS PARTICIPANTES",
      "LOBBY_SETTINGS": "Ajustes",
      "LOBBY_SETTINGS_ICON_MAX": "MÁX.",
      "LOBBY_SETTINGS_ICON_MOD_PLURAL": "MODERADORES",
      "LOBBY_SETTINGS_ICON_MOD_SINGULAR": "MODERADOR",
      "PRELOADING_ON_SCREEN_PROMPT": "Cargando…",
      "MODERATION_TIMER_LABEL": "ESPERANDO MODERACIÓN",
      "GLOBAL_ROOM_CODE_LABEL": "Código de la sala",
      "GLOBAL_ROOM_CODE_CODE_LABEL": "Código<br/>de la sala",
      "GLOBAL_ROOM_CODE_AUDIENCE_LABEL": "Público",
      "GLOBAL_ROOM_CODE_REMINDER_LABEL": "jack<br/>box<br/>.tv",
      "TRIVIA_YEAR_HINT_STRING": "%s - %s",
      "YEAR_FORMAT_BCE": "%d a. C.",
      "GENE_NAME": "GENE",
      "TRAVEL_TO_THE_YEAR": "Viaja al año en que…",
      "ROUND_BUMPER": "Ronda %d",
      "YOU_FROM_THE_FUTURE": "Tu yo futuro",
      "GUESS_OUT_OF_RANGE_ERROR": "¡Fuera de rango!",
      "LEFT_IMPOSTOR_LABEL": "A",
      "RIGHT_IMPOSTOR_LABEL": "B",
      "TIMELINE_GUESS_ADD_POINTS": "+%d",
      "MINUS_X_PERCENT": "-%d %",
      "TETHER_PARTNER_GUESS": "Tu colega %s ha introducido: %d",
      "YEAR_TRIVIA_WAITING_MESSAGE": "Prepárate para viajar en el tiempo...",
      "SCREW_PROMPT": "¿Cómo podemos fastidiar a quien le toca?",
      "SCREW_FIRST_PLAYER_WAITING_MESSAGE": "Te toca a ti, así que siéntate.",
      "SCREW_TITLE_TINY_KEYS": "Teclado pequeño",
      "SCREW_TITLE_POPUPS": "Anuncios emergentes",
      "LOOP_HINT_LEAST_SELECTED": [
        "¡Esta no ha gustado mucho!",
        "Casi nadie ha elegido esta opción."
      ],
      "LOOP_HINT_MOST_SELECTED": [
        "¡Eh! ¡La mayoría de los jugadores han elegido esta!",
        "Mucha gente cree que esta es la correcta."
      ],
      "LOOP_HINT_PLAYERS_CORRECT": "¡Han acertado %d jugadores!",
      "LOOP_HINT_PLAYERS_INCORRECT": "¡Han fallado %d jugadores!",
      "AND_TETHER_TEXT": "Y",
      "DECADE_SHOWER": "Los",
      "BONUS_RANGE": "BONIFICACIÓN DE RANGO",
      "PROMPT_ID_TEXT": "CARGANDO...",
      "JOIN_URL": "Ir a jackbox.tv",
      "VIP_ANIM": "VIP",
      "MESSAGE_MEDIUM_RANGE": "El último dígito es %d.",
      "MESSAGE_NARROW_RANGE": "El penúltimo dígito es %d.",
      "YOINK_NAME": "Tío Yoink",
      "INTRO_REMINDER": "Recordatorio:",
      "INTRO_TRIVIA_NIGHT": "Noche de trivial",
      "INTRO_IN_THE_YEAR": "en el año %d",
      "INTRO_JOKE": [
        "Sé que no tienes ningún plan mejor.",
        "¡Tráenos un dodo, porfa!",
        "¡Escribe si te retrasas 15 años!"
      ],
      "PRESS_SKIP": "¡Pulsar “Omitir” para empezar a jugar!",
      "LOOP_HINT_WRONG_CHOICE": [
        "¡Esta no!",
        "No elijas esta, ¿vale?"
      ],
      "LOOP_HINT_FIFTYFIFTY": "¡Hay un 50 % de posibilidades de que esta sea correcta!",
      "LOOP_HINT_LESSER": "La respuesta es menor que %d.",
      "LOOP_HINT_GREATER": "La respuesta es mayor que %d.",
      "LOOP_HINT_WINNING_PLAYER_SELECTED": [
        "¡%s ha seleccionado esta opción! ¡Y sabe lo que hace!",
        "¡El jugador en cabeza ha seleccionado esto!"
      ],
      "LOOP_HINT_LOSING_PLAYER_SELECTED": "%s han seleccionado esta opción, ¡y van a perder!",
      "LOOP_HINT_DOUBTFUL": [
        "Esto no es cierto, ¿verdad...?",
        "¿Seguro que quieres elegir esta opción?"
      ],
      "TIMELINE_GUESS_CREDITS": "-%d %",
      "INTRO_30_SECONDS": "Hace 30 segundos...",
      "WINNER": "GANADOR/A",
      "WINNER_AUDIENCE_SCORE": "PUNTUACIÓN: %d",
      "RANK": "CLASIFICACIÓN %d",
      "RANK_DESCRIPTION_0": "Pro del pasado",
      "RANK_DESCRIPTION_1": "Veloz como el tiempo",
      "RANK_DESCRIPTION_2": "Detective temporal",
      "RANK_DESCRIPTION_3": "Mal recuerdo",
      "RANK_DESCRIPTION_4": "Catástrofe épica",
      "SCORES": "PUNTUACIONES",
      "CALLOUT_MOST_JINXES": "Mayor número de respuestas simultáneas: %d",
      "CALLOUT_MOST_PERFECTS": "Mayor número de respuestas perfectas: %d",
      "CALLOUT_MOST_YEARS_ACCUMULATED": "Más años acumulados, en total: %d",
      "CALLOUT_LEAST_YEARS_ACCUMULATED": "Menos años acumulados, en total: %d",
      "CALLOUT_MOST_YEARS_CREDITED": "Más años quitados, en total: %d",
      "CALLOUT_LEAST_YEARS_CREDITED": "Menos años quitados, en total: %d",
      "CALLOUT_WORST_GUESS": "Peor estimación: mal por %d años",
      "CALLOUT_MOST_CREDITED_AT_ONCE": "Más años quitados de una sola vez: %d",
      "AUDIENCE_NAME": "Público",
      "LOOK_UP": "Mira<br/>arriba",
      "CREDITS_LYRIC_0": "Cuando esperes alguna señal,",
      "CREDITS_LYRIC_1": "nunca olvides que el tiempo es lo único que hay.",
      "CREDITS_LYRIC_2": "¿Cuántos años pasaron sin más?",
      "CREDITS_LYRIC_3": "Te preguntas dónde y cuándo… ¿Qué hiciste mal? ",
      "CREDITS_LYRIC_4": "¿Qué hiciste mal?",
      "CREDITS_LYRIC_5": "Timejinx",
      "CREDITS_LYRIC_6": "En el futuro está tu misión.",
      "CREDITS_LYRIC_7": "Timejinx",
      "CREDITS_LYRIC_8": "Sálvame de este cosmos sin fin...",
      "CREDITS_LYRIC_9": "Nada de huir, Timejinx",
      "CREDITS_LYRIC_10": "Ojo con los impostores",
      "CREDITS_LYRIC_11": "y el bucle temporal.",
      "CREDITS_LYRIC_12": "Si la historia consigues cambiar, ",
      "CREDITS_LYRIC_13": "¿crees que todo entre nosotros va a ser igual?",
      "CREDITS_LYRIC_14": "Revivirlo te puede abrumar.",
      "CREDITS_LYRIC_15": "No recuerdo el año y me empiezo a preocupar.",
      "CREDITS_LYRIC_16": "Timejinx",
      "CREDITS_LYRIC_17": "En el futuro está tu misión.",
      "CREDITS_LYRIC_18": "Timejinx",
      "CREDITS_LYRIC_19": "Los ochenta y el espacio sin fin...",
      "CREDITS_LYRIC_20": "Nada de huir, Timejinx",
      "CREDITS_LYRIC_21": "Un alto en el salto",
      "CREDITS_LYRIC_22": "y a disfrutar en el Time Fix.",
      "FINAL_ROUND_BUMPER": "Tarea final",
      "TD_LIST_NAME_COMMA": "%s,",
      "TD_COMMA": ",",
      "TD_LIST_AND_NAME": "y %s",
      "TD_NOBODY_CORRECT": "Nadie ha respondido correctamente a la pregunta %d.",
      "TD_CORRECT_PLAYERS": "%s ha respondido correctamente a la pregunta %d.",
      "TD_PLAYERS_FOR_NUM_CORRECT": "%s ha respondido a %d preguntas correctamente, así que se le ha quitado un %d % de su puntuación.",
      "TD_PLAYERS_FOR_NUM_CORRECT_SINGULAR": "%s ha respondido a 1 pregunta correctamente, así que se le ha quitado un %d % de su puntuación.",
      "TD_PLAYER_JOINED": "%s se ha unido.",
      "TD_PLAYER_LEAVE": "%s ha abandonado la partida.",
      "TD_INTRO_START": "Hace 30 segundos... Los viajeros del viejo oeste, los de los años 20 y los de una marisma primigenia reciben una notificación en sus relojes: \"¡Mirad hacia arriba!\". Un holograma se proyecta en el cielo: \"Recordad: Noche de trivial en el año %s. %s\". El holograma se transforma en el logo de Timejinx.",
      "TD_INTRO_END": "Entramos en una sala oscura y azul con una máquina del tiempo.",
      "TD_SCOREBOARD_REVEAL": "Las puntuaciones aparecen en la pantalla de una máquina recreativa. Los jugadores tienen las siguientes puntuaciones, del último al primero: %s",
      "TD_SCOREBOARD_PLAYER_SCORE": "%s, con %d años.",
      "TD_WINNER_REVEAL": "Y ha ganado: %s.",
      "TD_WINNER_RANK_REVEAL": "%s se ha clasificado como %d, %s, con una puntuación de %d.",
      "TD_AUDIENCE_RANK_REVEAL": "El público se ha clasificado como %d, %s, con una puntuación de %d.",
      "TD_POSTGAME_STAT": "%s: %s.",
      "TD_LOOP_HINT_SPECIFIC": "La opción %s tiene una pista: %s.",
      "TD_LOOP_HINT_GENERIC": "Pista: %s",
      "TD_CORRECT_OPTION": "La respuesta correcta es: %s",
      "TD_AUDIENCE_CHOICE": "El público eligió: %s",
      "TD_PORTAL_OPEN": "Se abre una máquina del tiempo que muestra una línea temporal con los años a los que viajó todo el mundo.",
      "TD_TIMELINE_CORRECT_YEAR": "El año correcto es %d.",
      "TD_TIMELINE_SOLO_GUESS": "%s adivinó %d.",
      "TD_TIMELINE_GROUP_GUESS": "%s adivinó %d. ¡Chispas!",
      "TD_TIMELINE_SCORE": "%s ha ganado %d años.",
      "TD_TIMELINE_CREDIT": "A %s se le ha quitado un %d % de su puntuación.",
      "TD_TIMER_DURATION": "Tienes %d segundos.",
      "TD_GEO_CORRECT_LOCATION": "La ubicación correcta es %s",
      "TD_WINNER_REVEAL_TIE": "Y han ganado: %s.",
      "LOOP_HINT_AUDIENCE_PERCENT_CHOSE": "¡Un %d % del público ha seleccionado esta opción!",
      "LOOP_HINT_HELLO_AND_CORRECT_ANSWER": [
        "¡Me alegro de que os guste el juego! La respuesta correcta es: %s",
        "Estoy generoso. La respuesta es: %s",
        "¡Vale! La respuesta es: %s"
      ],
      "LOOP_HINT_AUDIENCE_UNSELECTED": "%d votantes en la audiencia ¡y NADIE ha seleccionado esta opción!",
      "LOOP_HINT_AUDIENCE_AND_PLAYERS_CORRECT": "%d jugadores y un %d % del público ha acertado.",
      "LANDMARK_MISSING": "Falta un monumento famoso.",
      "WHERE_ARE_WE": "¿Dónde estamos?",
      "AUDIENCE": "Público",
      "OR_SCAN_TO_JOIN": "o escanea para unirte",
      "DECADE_FORMAT": "años %d",
      "WINNERS": "GANADORES",
      "TD_LOOP_ANSWER_UNREVEALED": "La respuesta a esta pregunta va a ser revelada más tarde."
    },
    "es-XL": {
      "BACK": "Atrás",
      "CLOSE": "Cerrar",
      "CANCEL": "Cancelar",
      "SELECT": "Seleccionar",
      "OR": "O",
      "ON": "Encender",
      "OFF": "Apagar",
      "HIDE": "Ocultar",
      "UNHIDE": "Mostrar",
      "HIDDEN_ROOM_CODE": "¿¿¿???",
      "JOIN": "¡Únete!",
      "PLAY": "Jugar",
      "SETTINGS": "Ajustes",
      "BACK_TO_PACK": "Atrás",
      "PLAY_DESCRIPTION": "Crear una sala de juego y jugar",
      "SETTINGS_DESCRIPTION": "Censura, público y más",
      "BACK_TO_PACK_DESCRIPTION": "Salir y volver al Party Pack",
      "CONNECTING": "Conectando a los servicios de Jackbox Games",
      "CONNECTING_DELAY": "Esto está demorando un poco...<br/>Revisa tu conexión a Internet.",
      "GO_TO": "Únete en ",
      "JOIN_ON_YOUR_DEVICE": "en tu dispositivo móvil para unirte",
      "ENTER_ROOM_CODE": "usar código de la sala",
      "READ_ROOM_CODE": "Leer código de sala",
      "POST_GAME_CHOICE_TITLE": "¿JUGAR DE NUEVO?",
      "EVERYBODYS_IN": "¡Esperando a %s para empezar el juego!",
      "WAITING_FOR_MORE": "¡Se necesitan %s participantes para empezar!",
      "PRESS": "Pulsar",
      "TO_START": "para empezar",
      "TO_CANCEL": "para cancelar",
      "TO_START_GAME": "para empezar",
      "TO_CANCEL_GAME": "para cancelar",
      "JOIN_AUDIENCE": "¡Únete al público!",
      "PLAY_AGAIN": "¿Jugar de nuevo?",
      "SAME_PLAYERS": "MISMOS PARTICIPANTES",
      "LOBBY_OR": "O",
      "NEW_PLAYERS": "NUEVOS PARTICIPANTES",
      "LOBBY_HEADER_MESSAGE_PLAYERS_JOINED": "{CURRENT_PLAYERS}/{MAX_PLAYERS} participantes se han unido",
      "LOBBY_STATUS_MESSAGE_WAITINGFORMORE": "{MIN_PLAYERS} participantes como mínimo para empezar",
      "LOBBY_STATUS_MESSAGE_CANSTART": "Pulsar cuando todo el mundo esté listo",
      "LOBBY_STATUS_MESSAGE_COUNTDOWN": "Cancelar inicio del juego",
      "LOBBY_STATUS_MESSAGE_WAITINGFORVIP": "¡Esperando a {VIP} para empezar el juego!",
      "LOBBY_STATUS_MESSAGE_WAITINGFORGAMEPAD": "¡Esperando a que empiece el juego!",
      "POSTGAME_OR": "o",
      "POSTGAME_PLAY_AGAIN": "¿Jugar de nuevo?",
      "CONTROLLER_CANCEL": "CANCELAR INICIO DEL JUEGO",
      "CONTROLLER_POSTGAME_CHOICE": "¿QUIERES JUGAR DE NUEVO?",
      "CONTROLLER_SAME_PLAYERS": "MISMOS PARTICIPANTES",
      "CONTROLLER_NEW_PLAYERS": "NUEVOS PARTICIPANTES",
      "LOBBY_SETTINGS": "Ajustes",
      "LOBBY_SETTINGS_ICON_MAX": "MÁX.",
      "LOBBY_SETTINGS_ICON_MOD_PLURAL": "MODS",
      "LOBBY_SETTINGS_ICON_MOD_SINGULAR": "MOD",
      "PRELOADING_ON_SCREEN_PROMPT": "Cargando...",
      "MODERATION_TIMER_LABEL": "ESPERANDO MODERACIÓN",
      "GLOBAL_ROOM_CODE_LABEL": "Código de sala",
      "GLOBAL_ROOM_CODE_CODE_LABEL": "Código<br/>de sala",
      "GLOBAL_ROOM_CODE_AUDIENCE_LABEL": "Público",
      "GLOBAL_ROOM_CODE_REMINDER_LABEL": "jack<br/>box<br/>.tv",
      "TRIVIA_YEAR_HINT_STRING": "%s - %s",
      "YEAR_FORMAT_BCE": "%d a. C.",
      "GENE_NAME": "GENE",
      "TRAVEL_TO_THE_YEAR": "Viajar al año...",
      "ROUND_BUMPER": "Ronda %d",
      "YOU_FROM_THE_FUTURE": "Tú del futuro",
      "GUESS_OUT_OF_RANGE_ERROR": "¡Fuera de alcance!",
      "LEFT_IMPOSTOR_LABEL": "A",
      "RIGHT_IMPOSTOR_LABEL": "B",
      "TIMELINE_GUESS_ADD_POINTS": "+%d",
      "MINUS_X_PERCENT": "-%d %",
      "TETHER_PARTNER_GUESS": "Tu colega %s ingresó: %d",
      "YEAR_TRIVIA_WAITING_MESSAGE": "Prepárate para viajar en el tiempo...",
      "SCREW_PROMPT": "¿Cómo deberíamos molestar a la persona que entre primero?",
      "SCREW_FIRST_PLAYER_WAITING_MESSAGE": "Llegaste en primer lugar, así que... siéntate.",
      "SCREW_TITLE_TINY_KEYS": "Teclado pequeño",
      "SCREW_TITLE_POPUPS": "Anuncios emergentes",
      "LOOP_HINT_LEAST_SELECTED": [
        "¡Esta no era nada popular!",
        "Casi nadie eligió esta opción."
      ],
      "LOOP_HINT_MOST_SELECTED": [
        "¡Bah! ¡La mayoría eligió esta!",
        "La mayoría cree que esta es la indicada."
      ],
      "LOOP_HINT_PLAYERS_CORRECT": "¡%d participantes acertaron esta!",
      "LOOP_HINT_PLAYERS_INCORRECT": "¡%d participantes erraron esta!",
      "AND_TETHER_TEXT": "Y",
      "DECADE_SHOWER": "Los",
      "BONUS_RANGE": "RANGO DE BONIFICACIÓN",
      "PROMPT_ID_TEXT": "CARGANDO…",
      "JOIN_URL": "Ve a jackbox.tv",
      "VIP_ANIM": "VIP",
      "MESSAGE_MEDIUM_RANGE": "El último número es %d.",
      "MESSAGE_NARROW_RANGE": "El penúltimo número es %d.",
      "YOINK_NAME": "Tío Oink",
      "INTRO_REMINDER": "Recuerda:",
      "INTRO_TRIVIA_NIGHT": "Noche de trivia",
      "INTRO_IN_THE_YEAR": "en el año %d",
      "INTRO_JOKE": [
        "Sé que no tienes otros planes.",
        "¡Trae un dodo!",
        "¡Mándame un mensaje de texto si llevas 15 años de retraso!"
      ],
      "PRESS_SKIP": "¡Pulsa “Omitir” para seguir jugando!",
      "LOOP_HINT_WRONG_CHOICE": [
        "¡Esta no!",
        "No elijas esta, ¿sí?"
      ],
      "LOOP_HINT_FIFTYFIFTY": "¡Hay un 50 % de probabilidades de que esta sea la correcta!",
      "LOOP_HINT_LESSER": "La respuesta es menos de %d.",
      "LOOP_HINT_GREATER": "La respuesta es más de %d.",
      "LOOP_HINT_WINNING_PLAYER_SELECTED": [
        "¡%s eligió esta! ¡Y sabe lo que hace!",
        "¡El primer jugador eligió esto!"
      ],
      "LOOP_HINT_LOSING_PLAYER_SELECTED": "%s eligió esto, ¡y está perdiendo!",
      "LOOP_HINT_DOUBTFUL": [
        "Esto no puede ser correcto, ¿no?",
        "¿No quieres cambiar de opinión?"
      ],
      "TIMELINE_GUESS_CREDITS": "-%d %",
      "INTRO_30_SECONDS": "30 segundos antes…",
      "WINNER": "GANADOR/A",
      "WINNER_AUDIENCE_SCORE": "PUNTAJE: %d",
      "RANK": "RANGO: %d",
      "RANK_DESCRIPTION_0": "Maestría del pasado",
      "RANK_DESCRIPTION_1": "Velocidad del brillo",
      "RANK_DESCRIPTION_2": "Resolución temporal",
      "RANK_DESCRIPTION_3": "Falla del pasado",
      "RANK_DESCRIPTION_4": "Falla de época",
      "SCORES": "PUNTAJES",
      "CALLOUT_MOST_JINXES": "Mayor mala suerte: %d",
      "CALLOUT_MOST_PERFECTS": "Mayoría de respuestas perfectas: %d",
      "CALLOUT_MOST_YEARS_ACCUMULATED": "Más años acumulados (total): %d",
      "CALLOUT_LEAST_YEARS_ACCUMULATED": "Menos años acumulados (total): %d",
      "CALLOUT_MOST_YEARS_CREDITED": "Más años reducidos (total): %d",
      "CALLOUT_LEAST_YEARS_CREDITED": "Menos años reducidos (total): %d",
      "CALLOUT_WORST_GUESS": "Peor respuesta: %d años de diferencia",
      "CALLOUT_MOST_CREDITED_AT_ONCE": "Más años reducidos a la vez: %d",
      "AUDIENCE_NAME": "Público",
      "LOOK_UP": "Mira<br/>arriba",
      "CREDITS_LYRIC_0": "Cuando esperas algo especial,",
      "CREDITS_LYRIC_1": "piensa en que el tiempo aquí es esencial",
      "CREDITS_LYRIC_2": "Los días del ayer no olvidarás.",
      "CREDITS_LYRIC_3": "Mil preguntas,",
      "CREDITS_LYRIC_4": "sin saber cómo reaccionar",
      "CREDITS_LYRIC_5": "Timejinx",
      "CREDITS_LYRIC_6": "Tu misión descansa en el futuro,",
      "CREDITS_LYRIC_7": "Timejinx",
      "CREDITS_LYRIC_8": "¡Salta el tiempo, no hay apuro!",
      "CREDITS_LYRIC_9": "Ve ya, Timejinx",
      "CREDITS_LYRIC_10": "De impostores cuídate",
      "CREDITS_LYRIC_11": "Y del bucle temporal",
      "CREDITS_LYRIC_12": "Si la historia tú puedes transformar",
      "CREDITS_LYRIC_13": "Entre tú y yo nada debe de cambiar",
      "CREDITS_LYRIC_14": "Evoca el pasado con claridad",
      "CREDITS_LYRIC_15": "¿Algo te abruma o solo es la edad?",
      "CREDITS_LYRIC_16": "Timejinx",
      "CREDITS_LYRIC_17": "Tu misión descansa en el futuro,",
      "CREDITS_LYRIC_18": "Timejinx",
      "CREDITS_LYRIC_19": "A los ochenta de un segundo",
      "CREDITS_LYRIC_20": "Ve ya, Timejinx",
      "CREDITS_LYRIC_21": "Reescribe la historia",
      "CREDITS_LYRIC_22": "en tu década favorita",
      "FINAL_ROUND_BUMPER": "Tarea final",
      "TD_LIST_NAME_COMMA": "%s,",
      "TD_COMMA": ",",
      "TD_LIST_AND_NAME": "y %s",
      "TD_NOBODY_CORRECT": "Nadie respondió la pregunta %d correctamente.",
      "TD_CORRECT_PLAYERS": "%s respondió la pregunta %d correctamente.",
      "TD_PLAYERS_FOR_NUM_CORRECT": "%s respondió %d preguntas correctamente, así que se le quitó un %d% de su puntaje.",
      "TD_PLAYERS_FOR_NUM_CORRECT_SINGULAR": "%s respondió 1 pregunta correctamente, así que se le quitó un %d% de su puntaje.",
      "TD_PLAYER_JOINED": "El jugador %s se unió al juego.",
      "TD_PLAYER_LEAVE": "El jugador %s abandonó el juego.",
      "TD_INTRO_START": "30 segundos antes… Viajeros del tiempo en el lejano oeste, la década de 1920, y un marisma primordial reciben una notificación en sus relojes: \"¡Miren arriba!\" Se proyecta un holograma en el cielo que dice: \"Recordatorio: Noche de preguntas en el año %s. %s.\" Se convierte en el logo de TimeJinx.",
      "TD_INTRO_END": "Entramos a un cuarto oscuro azul con una máquina del tiempo.",
      "TD_SCOREBOARD_REVEAL": "Aparecen puntajes en el monitor de un gabinete de videojuegos roto. Del último al primer lugar, los jugadores tienen los siguientes puntajes: %s",
      "TD_SCOREBOARD_PLAYER_SCORE": "%s con %d años.",
      "TD_WINNER_REVEAL": "El ganador es: %s.",
      "TD_WINNER_RANK_REVEAL": "%s consiguió el rango de %d, %s, con un puntaje de %d.",
      "TD_AUDIENCE_RANK_REVEAL": "El público consiguió el rango de %d, %s, con un puntaje de %d.",
      "TD_POSTGAME_STAT": "%s: %s.",
      "TD_LOOP_HINT_SPECIFIC": "La opción %s tiene una pista: %s.",
      "TD_LOOP_HINT_GENERIC": "Pista: %s",
      "TD_CORRECT_OPTION": "La respuesta correcta es: %s",
      "TD_AUDIENCE_CHOICE": "El público eligió: %s",
      "TD_PORTAL_OPEN": "Se abre una máquina del tiempo que revela una línea temporal con los años a los que viajaron todos.",
      "TD_TIMELINE_CORRECT_YEAR": "El año correcto es %d.",
      "TD_TIMELINE_SOLO_GUESS": "%s adivinó %d.",
      "TD_TIMELINE_GROUP_GUESS": "%s adivinó %d. ¡Mala suerte!",
      "TD_TIMELINE_SCORE": "%s recibió %d años.",
      "TD_TIMELINE_CREDIT": "Se le quitó un %s% de su puntaje a %d.",
      "TD_TIMER_DURATION": "Tienes %d segundos.",
      "TD_GEO_CORRECT_LOCATION": "La verdadera posición es: %s",
      "TD_WINNER_REVEAL_TIE": "Los ganadores son: %s.",
      "LOOP_HINT_AUDIENCE_PERCENT_CHOSE": "¡El %d % del público eligió esta opción!",
      "LOOP_HINT_HELLO_AND_CORRECT_ANSWER": [
        "¡Qué suerte que les haya gustado el juego! La respuesta correcta es: %s",
        "Creo que te voy a ayudar. Es esta: %s",
        "¡Ay, al diablo! Esta es la respuesta: %s"
      ],
      "LOOP_HINT_AUDIENCE_UNSELECTED": "Hubo %d votantes del público, ¡pero NINGUNO eligió esta!",
      "LOOP_HINT_AUDIENCE_AND_PLAYERS_CORRECT": "%d jugadores y el %d % del público adivinaron correctamente.",
      "LANDMARK_MISSING": "Falta un monumento famoso.",
      "WHERE_ARE_WE": "¿Dónde estamos?",
      "AUDIENCE": "Público",
      "OR_SCAN_TO_JOIN": "o escanea para unirte",
      "DECADE_FORMAT": "años %d",
      "WINNERS": "GANADORES",
      "TD_LOOP_ANSWER_UNREVEALED": "La respuesta a esta pregunta va a ser revelada más tarde."
    },
    "pt-BR": {
      "BACK": "Voltar",
      "CLOSE": "Fechar",
      "CANCEL": "Cancelar",
      "SELECT": "Selecionar",
      "OR": "Ou",
      "ON": "Ligado",
      "OFF": "Desligado",
      "HIDE": "Ocultar",
      "UNHIDE": "Mostrar",
      "HIDDEN_ROOM_CODE": "?????",
      "JOIN": "Entrar!",
      "PLAY": "Jogar",
      "SETTINGS": "Configurações",
      "BACK_TO_PACK": "Voltar",
      "PLAY_DESCRIPTION": "Crie uma sala e jogue",
      "SETTINGS_DESCRIPTION": "Censura, plateia e mais",
      "BACK_TO_PACK_DESCRIPTION": "Voltar para o Party Pack",
      "CONNECTING": "Conectando-se aos serviços da Jackbox Games",
      "CONNECTING_DELAY": "Está demorando um pouco...<br/>Verifique sua conexão à internet.",
      "GO_TO": "Entre em ",
      "JOIN_ON_YOUR_DEVICE": "no seu dispositivo móvel para entrar",
      "ENTER_ROOM_CODE": "usando o código da sala",
      "READ_ROOM_CODE": "Ler código da sala",
      "POST_GAME_CHOICE_TITLE": "JOGAR DE NOVO?",
      "EVERYBODYS_IN": "Aguardando %s começar o jogo!",
      "WAITING_FOR_MORE": "%s jogadores necessários para começar!",
      "PRESS": "Aperte",
      "TO_START": "para começar",
      "TO_CANCEL": "para cancelar",
      "TO_START_GAME": "para começar",
      "TO_CANCEL_GAME": "para cancelar",
      "JOIN_AUDIENCE": "Junte-se à plateia!",
      "PLAY_AGAIN": "Jogar de novo?",
      "SAME_PLAYERS": "MESMOS JOGADORES",
      "LOBBY_OR": "OU",
      "NEW_PLAYERS": "OUTROS JOGADORES",
      "LOBBY_HEADER_MESSAGE_PLAYERS_JOINED": "{CURRENT_PLAYERS}/{MAX_PLAYERS} jogadores entraram",
      "LOBBY_STATUS_MESSAGE_WAITINGFORMORE": "{MIN_PLAYERS} jogadores necessários para começar",
      "LOBBY_STATUS_MESSAGE_CANSTART": "Aperte quando todos estiverem prontos",
      "LOBBY_STATUS_MESSAGE_COUNTDOWN": "Cancelar início do jogo",
      "LOBBY_STATUS_MESSAGE_WAITINGFORVIP": "Aguardando {VIP} começar o jogo!",
      "LOBBY_STATUS_MESSAGE_WAITINGFORGAMEPAD": "Aguardando o começo do jogo!",
      "POSTGAME_OR": "ou",
      "POSTGAME_PLAY_AGAIN": "Jogar de novo?",
      "CONTROLLER_CANCEL": "CANCELAR INÍCIO DO JOGO",
      "CONTROLLER_POSTGAME_CHOICE": "QUER JOGAR DE NOVO?",
      "CONTROLLER_SAME_PLAYERS": "MESMOS JOGADORES",
      "CONTROLLER_NEW_PLAYERS": "OUTROS JOGADORES",
      "LOBBY_SETTINGS": "Configurações",
      "LOBBY_SETTINGS_ICON_MAX": "MÁX.",
      "LOBBY_SETTINGS_ICON_MOD_PLURAL": "MODS",
      "LOBBY_SETTINGS_ICON_MOD_SINGULAR": "MOD",
      "PRELOADING_ON_SCREEN_PROMPT": "Carregando...",
      "MODERATION_TIMER_LABEL": "AGUARDANDO MODERAÇÃO",
      "GLOBAL_ROOM_CODE_LABEL": "Código da sala",
      "GLOBAL_ROOM_CODE_CODE_LABEL": "Código<br/>da sala",
      "GLOBAL_ROOM_CODE_AUDIENCE_LABEL": "Plateia",
      "GLOBAL_ROOM_CODE_REMINDER_LABEL": "jack<br/>box<br/>.tv",
      "TRIVIA_YEAR_HINT_STRING": "%s - %s",
      "YEAR_FORMAT_BCE": "%d A.E.C.",
      "GENE_NAME": "GENE",
      "TRAVEL_TO_THE_YEAR": "Viaje para o ano em que...",
      "ROUND_BUMPER": "%d.ª Rodada",
      "YOU_FROM_THE_FUTURE": "Você do futuro",
      "GUESS_OUT_OF_RANGE_ERROR": "Fora do intervalo!",
      "LEFT_IMPOSTOR_LABEL": "A",
      "RIGHT_IMPOSTOR_LABEL": "B",
      "TIMELINE_GUESS_ADD_POINTS": "+%d",
      "MINUS_X_PERCENT": "-%d%",
      "TETHER_PARTNER_GUESS": "Seu parceiro %s inseriu: %d",
      "YEAR_TRIVIA_WAITING_MESSAGE": "Preparem-se para viajar no tempo...",
      "SCREW_PROMPT": "Como atrapalharemos a vida do jogador em primeiro?",
      "SCREW_FIRST_PLAYER_WAITING_MESSAGE": "Você está em primeiro. Se aquiete.",
      "SCREW_TITLE_TINY_KEYS": "Teclado minúsculo",
      "SCREW_TITLE_POPUPS": "Anúncios pop-up",
      "LOOP_HINT_LEAST_SELECTED": [
        "Esta foi bem impopular!",
        "Quase ninguém escolheu esta opção."
      ],
      "LOOP_HINT_MOST_SELECTED": [
        "Psiu! A maioria dos jogadores escolheu esta!",
        "Muita gente acha que é esta opção."
      ],
      "LOOP_HINT_PLAYERS_CORRECT": "%d jogadores acertaram!",
      "LOOP_HINT_PLAYERS_INCORRECT": "%d jogadores erraram!",
      "AND_TETHER_TEXT": "E",
      "DECADE_SHOWER": "Anos",
      "BONUS_RANGE": "INTERVALO BÔNUS",
      "PROMPT_ID_TEXT": "CARREGANDO...",
      "JOIN_URL": "Vá para jackbox.tv",
      "VIP_ANIM": "VIP",
      "MESSAGE_MEDIUM_RANGE": "O último dígito é %d.",
      "MESSAGE_NARROW_RANGE": "O penúltimo dígito é %d.",
      "YOINK_NAME": "Tio Póin",
      "INTRO_REMINDER": "Lembrete:",
      "INTRO_TRIVIA_NIGHT": "Noite do Quiz",
      "INTRO_IN_THE_YEAR": "no ano %d",
      "INTRO_JOKE": [
        "Sei que você não tem nada melhor pra fazer.",
        "Traga seu dodô!",
        "Me avise caso se atrase algumas décadas!"
      ],
      "PRESS_SKIP": "Aperte “Pular” para jogar!",
      "LOOP_HINT_WRONG_CHOICE": [
        "Essa não!",
        "Não escolha essa, tá?"
      ],
      "LOOP_HINT_FIFTYFIFTY": "Esta opção tem 50% de chance de estar certa!",
      "LOOP_HINT_LESSER": "A resposta é menor que %d.",
      "LOOP_HINT_GREATER": "A resposta é maior que %d.",
      "LOOP_HINT_WINNING_PLAYER_SELECTED": [
        "%s selecionou esta opção! E essa pessoa sabe do que está falando!",
        "O jogador em primeiro selecionou esta opção!"
      ],
      "LOOP_HINT_LOSING_PLAYER_SELECTED": "%s selecionou esta opção, e está perdendo!",
      "LOOP_HINT_DOUBTFUL": [
        "Não pode estar certo. Será?",
        "Tem certeza?"
      ],
      "TIMELINE_GUESS_CREDITS": "-%d%",
      "INTRO_30_SECONDS": "30 segundos antes...",
      "WINNER": "VENCEDOR",
      "WINNER_AUDIENCE_SCORE": "PONTUAÇÃO: %d",
      "RANK": "NÍVEL %d",
      "RANK_DESCRIPTION_0": "Mestre do Passado",
      "RANK_DESCRIPTION_1": "Inteligência Atemporal",
      "RANK_DESCRIPTION_2": "Manipulador do Tempo",
      "RANK_DESCRIPTION_3": "Fracasso Memorável",
      "RANK_DESCRIPTION_4": "Fracasso Histórico",
      "SCORES": "PONTUAÇÃO",
      "CALLOUT_MOST_JINXES": "Mais Jinx: %d",
      "CALLOUT_MOST_PERFECTS": "Mais respostas perfeitas: %d",
      "CALLOUT_MOST_YEARS_ACCUMULATED": "Maior acúmulo de anos, total: %d",
      "CALLOUT_LEAST_YEARS_ACCUMULATED": "Menor acúmulo de anos, total: %d",
      "CALLOUT_MOST_YEARS_CREDITED": "Mais anos retirados, total: %d",
      "CALLOUT_LEAST_YEARS_CREDITED": "Menos anos retirados, total: %d",
      "CALLOUT_WORST_GUESS": "Pior palpite: %d anos de diferença",
      "CALLOUT_MOST_CREDITED_AT_ONCE": "Mais anos retirados de uma só vez: %d",
      "AUDIENCE_NAME": "Plateia",
      "LOOK_UP": "Olhe<br/>pra cima",
      "CREDITS_LYRIC_0": "Nessa espera por algum sinal",
      "CREDITS_LYRIC_1": "Lembre-se de que só o tempo é real",
      "CREDITS_LYRIC_2": "Pense em como os anos vão passando",
      "CREDITS_LYRIC_3": "Viajando e perguntando",
      "CREDITS_LYRIC_4": "“Quê?”, “Como?” e “Quando?”",
      "CREDITS_LYRIC_5": "Timejinx",
      "CREDITS_LYRIC_6": "Nos vemos no futuro, amor",
      "CREDITS_LYRIC_7": "Timejinx",
      "CREDITS_LYRIC_8": "Me resgate aqui no espaço",
      "CREDITS_LYRIC_9": "Não pisque, Timejinx",
      "CREDITS_LYRIC_10": "Cuide dos impostores",
      "CREDITS_LYRIC_11": "Não se perca no tempo",
      "CREDITS_LYRIC_12": "Se mudar os rumos da História",
      "CREDITS_LYRIC_13": "Guarde eu e você na sua memória",
      "CREDITS_LYRIC_14": "Olhando pra trás, a resposta virá?",
      "CREDITS_LYRIC_15": "O passado assusta? Sabe em que ano está?",
      "CREDITS_LYRIC_16": "Timejinx",
      "CREDITS_LYRIC_17": "Nos vemos no futuro, amor",
      "CREDITS_LYRIC_18": "Timejinx",
      "CREDITS_LYRIC_19": "Vem me ver, no tempo-espaço",
      "CREDITS_LYRIC_20": "Não pisque, Timejinx",
      "CREDITS_LYRIC_21": "Dê saltos históricos",
      "CREDITS_LYRIC_22": "Em consertos cronológicos",
      "FINAL_ROUND_BUMPER": "Tarefa final",
      "TD_LIST_NAME_COMMA": "%s,",
      "TD_COMMA": ",",
      "TD_LIST_AND_NAME": "e %s",
      "TD_NOBODY_CORRECT": "Ninguém respondeu à pergunta %d corretamente.",
      "TD_CORRECT_PLAYERS": "%s respondeu à pergunta %d corretamente.",
      "TD_PLAYERS_FOR_NUM_CORRECT": "%s respondeu a %d perguntas corretamente, então teve %d% descontados da pontuação.",
      "TD_PLAYERS_FOR_NUM_CORRECT_SINGULAR": "%s respondeu a 1 pergunta corretamente, então teve %d% descontados da pontuação.",
      "TD_PLAYER_JOINED": "O jogador %s entrou.",
      "TD_PLAYER_LEAVE": "O jogador %s saiu do jogo.",
      "TD_INTRO_START": "30 segundos antes... Viajantes do tempo no Velho Oeste, nos anos 1920 e num pântano ancestral recebem uma notificação no relógio: “Olhe pra cima!”. Um holograma é projetado no céu. Está escrito: “Lembrete: Noite do Quiz no ano %s. %s.” Ele se transforma no logotipo de Timejinx.",
      "TD_INTRO_END": "Entramos numa sala escura e azul, com uma máquina do tempo.",
      "TD_SCOREBOARD_REVEAL": "Surgem pontuações no monitor de um brinquedo de fliperama quebrado. Do último até o primeiro lugar, os jogadores têm as seguintes pontuações: %s",
      "TD_SCOREBOARD_PLAYER_SCORE": "%s, com %d anos.",
      "TD_WINNER_REVEAL": "O vencedor é: %s.",
      "TD_WINNER_RANK_REVEAL": "%s obteve Nível %d, %s, com %d pontos.",
      "TD_AUDIENCE_RANK_REVEAL": "A plateia obteve Nível %d, %s, com %d pontos.",
      "TD_POSTGAME_STAT": "%s: %s.",
      "TD_LOOP_HINT_SPECIFIC": "A opção %s tem uma dica: %s.",
      "TD_LOOP_HINT_GENERIC": "Dica: %s",
      "TD_CORRECT_OPTION": "A resposta certa é: %s",
      "TD_AUDIENCE_CHOICE": "A plateia escolheu: %s",
      "TD_PORTAL_OPEN": "Abre-se uma máquina do tempo, revelando uma linha do tempo com os anos para os quais cada um viajou.",
      "TD_TIMELINE_CORRECT_YEAR": "O ano certo é %d.",
      "TD_TIMELINE_SOLO_GUESS": "%s adivinhou %d.",
      "TD_TIMELINE_GROUP_GUESS": "%s adivinhou %d. Jinx!",
      "TD_TIMELINE_SCORE": "%s ganhou %d anos.",
      "TD_TIMELINE_CREDIT": "%s teve %d% descontados da pontuação.",
      "TD_TIMER_DURATION": "Você tem %d segundos.",
      "TD_GEO_CORRECT_LOCATION": "O verdadeiro local é: %s",
      "TD_WINNER_REVEAL_TIE": "Os vencedores são: %s.",
      "LOOP_HINT_AUDIENCE_PERCENT_CHOSE": "%d% da plateia selecionou esta opção!",
      "LOOP_HINT_HELLO_AND_CORRECT_ANSWER": [
        "Ah, que legal que você gostou do jogo! A resposta certa é: %s",
        "Acordei querendo fazer uma boa ação. É esta: %s",
        "Ah, a vida é uma só! Aqui está a resposta: %s"
      ],
      "LOOP_HINT_AUDIENCE_UNSELECTED": "%d espectadores votaram, e NENHUM escolheu esta opção!",
      "LOOP_HINT_AUDIENCE_AND_PLAYERS_CORRECT": "%d jogadores e %d% da plateia acertaram.",
      "LANDMARK_MISSING": "Está faltando um ponto de referência famoso.",
      "WHERE_ARE_WE": "Onde estamos?",
      "AUDIENCE": "Plateia",
      "OR_SCAN_TO_JOIN": "ou escaneie aqui",
      "DECADE_FORMAT": "%d",
      "WINNERS": "VENCEDORES",
      "TD_LOOP_ANSWER_UNREVEALED": "A resposta a esta pergunta será revelada depois."
    },
    "priority": 4,
    "id": "94825"
  }
}